panel,ensemble_group,n_model_means,sample_unit,region_index,region_abbreviation,region_name,model_name,warming_2016_2025_relative_to_1850_1900,units
a,Full ensemble,25,independent climate-model mean,0,GIC,Greenland/Iceland,ACCESS-CM2,1.9444292842957878,degC
a,Full ensemble,25,independent climate-model mean,0,GIC,Greenland/Iceland,ACCESS-ESM1-5,2.2127972848410993,degC
a,Full ensemble,25,independent climate-model mean,0,GIC,Greenland/Iceland,BCC-CSM2-MR,1.6330634250897489,degC
a,Full ensemble,25,independent climate-model mean,0,GIC,Greenland/Iceland,CESM2,2.453992789335799,degC
a,Full ensemble,25,independent climate-model mean,0,GIC,Greenland/Iceland,CMCC-ESM2,1.9884689057657696,degC
a,Full ensemble,25,independent climate-model mean,0,GIC,Greenland/Iceland,CNRM-CM6-1,2.2365526883631714,degC
a,Full ensemble,25,independent climate-model mean,0,GIC,Greenland/Iceland,CNRM-ESM2-1,1.685974275032514,degC
a,Full ensemble,25,independent climate-model mean,0,GIC,Greenland/Iceland,CanESM5,4.82690443306438,degC
a,Full ensemble,25,independent climate-model mean,0,GIC,Greenland/Iceland,EC-Earth3-Veg,5.31294088330134,degC
a,Full ensemble,25,independent climate-model mean,0,GIC,Greenland/Iceland,FGOALS-g3,1.7530126452968926,degC
a,Full ensemble,25,independent climate-model mean,0,GIC,Greenland/Iceland,GFDL-CM4,2.465113922796288,degC
a,Full ensemble,25,independent climate-model mean,0,GIC,Greenland/Iceland,GFDL-ESM4,1.0780909431796555,degC
a,Full ensemble,25,independent climate-model mean,0,GIC,Greenland/Iceland,HadGEM3-GC31-LL,2.6802073885862256,degC
a,Full ensemble,25,independent climate-model mean,0,GIC,Greenland/Iceland,INM-CM4-8,0.8980149599582823,degC
a,Full ensemble,25,independent climate-model mean,0,GIC,Greenland/Iceland,INM-CM5-0,1.9760886725042055,degC
a,Full ensemble,25,independent climate-model mean,0,GIC,Greenland/Iceland,IPSL-CM6A-LR,2.4470781320879817,degC
a,Full ensemble,25,independent climate-model mean,0,GIC,Greenland/Iceland,MIROC-ES2L,1.7209239287901255,degC
a,Full ensemble,25,independent climate-model mean,0,GIC,Greenland/Iceland,MIROC6,1.6790333050134039,degC
a,Full ensemble,25,independent climate-model mean,0,GIC,Greenland/Iceland,MPI-ESM1-2-HR,2.417603384474636,degC
a,Full ensemble,25,independent climate-model mean,0,GIC,Greenland/Iceland,MPI-ESM1-2-LR,2.227686179162697,degC
a,Full ensemble,25,independent climate-model mean,0,GIC,Greenland/Iceland,MRI-ESM2-0,2.1419741977740956,degC
a,Full ensemble,25,independent climate-model mean,0,GIC,Greenland/Iceland,NESM3,3.2768243775191217,degC
a,Full ensemble,25,independent climate-model mean,0,GIC,Greenland/Iceland,NorESM2-LM,0.7616762374546511,degC
a,Full ensemble,25,independent climate-model mean,0,GIC,Greenland/Iceland,NorESM2-MM,1.5948539819808036,degC
a,Full ensemble,25,independent climate-model mean,0,GIC,Greenland/Iceland,UKESM1-0-LL,2.6609742049368452,degC
a,Full ensemble,25,independent climate-model mean,1,NWN,N.W.North-America,ACCESS-CM2,1.9588332398819346,degC
a,Full ensemble,25,independent climate-model mean,1,NWN,N.W.North-America,ACCESS-ESM1-5,2.413446955175462,degC
a,Full ensemble,25,independent climate-model mean,1,NWN,N.W.North-America,BCC-CSM2-MR,1.8949746106137368,degC
a,Full ensemble,25,independent climate-model mean,1,NWN,N.W.North-America,CESM2,2.286142546442498,degC
a,Full ensemble,25,independent climate-model mean,1,NWN,N.W.North-America,CMCC-ESM2,2.771794973301547,degC
a,Full ensemble,25,independent climate-model mean,1,NWN,N.W.North-America,CNRM-CM6-1,2.1795234112650013,degC
a,Full ensemble,25,independent climate-model mean,1,NWN,N.W.North-America,CNRM-ESM2-1,1.7111122590079124,degC
a,Full ensemble,25,independent climate-model mean,1,NWN,N.W.North-America,CanESM5,3.3937056832331756,degC
a,Full ensemble,25,independent climate-model mean,1,NWN,N.W.North-America,EC-Earth3-Veg,2.853859487348843,degC
a,Full ensemble,25,independent climate-model mean,1,NWN,N.W.North-America,FGOALS-g3,3.1091867370363415,degC
a,Full ensemble,25,independent climate-model mean,1,NWN,N.W.North-America,GFDL-CM4,1.855940425209112,degC
a,Full ensemble,25,independent climate-model mean,1,NWN,N.W.North-America,GFDL-ESM4,1.6606199145765985,degC
a,Full ensemble,25,independent climate-model mean,1,NWN,N.W.North-America,HadGEM3-GC31-LL,2.830991817254356,degC
a,Full ensemble,25,independent climate-model mean,1,NWN,N.W.North-America,INM-CM4-8,1.363723769795325,degC
a,Full ensemble,25,independent climate-model mean,1,NWN,N.W.North-America,INM-CM5-0,2.053264158710342,degC
a,Full ensemble,25,independent climate-model mean,1,NWN,N.W.North-America,IPSL-CM6A-LR,3.1769536965857332,degC
a,Full ensemble,25,independent climate-model mean,1,NWN,N.W.North-America,MIROC-ES2L,1.8706070104037635,degC
a,Full ensemble,25,independent climate-model mean,1,NWN,N.W.North-America,MIROC6,2.1985061545585975,degC
a,Full ensemble,25,independent climate-model mean,1,NWN,N.W.North-America,MPI-ESM1-2-HR,2.453060653670427,degC
a,Full ensemble,25,independent climate-model mean,1,NWN,N.W.North-America,MPI-ESM1-2-LR,2.465319912405115,degC
a,Full ensemble,25,independent climate-model mean,1,NWN,N.W.North-America,MRI-ESM2-0,2.3017990448595773,degC
a,Full ensemble,25,independent climate-model mean,1,NWN,N.W.North-America,NESM3,3.249022044500633,degC
a,Full ensemble,25,independent climate-model mean,1,NWN,N.W.North-America,NorESM2-LM,1.9686422425540755,degC
a,Full ensemble,25,independent climate-model mean,1,NWN,N.W.North-America,NorESM2-MM,1.3769899204507294,degC
a,Full ensemble,25,independent climate-model mean,1,NWN,N.W.North-America,UKESM1-0-LL,2.281756077279786,degC
a,Full ensemble,25,independent climate-model mean,2,NEN,N.E.North-America,ACCESS-CM2,2.3724174899143025,degC
a,Full ensemble,25,independent climate-model mean,2,NEN,N.E.North-America,ACCESS-ESM1-5,2.3134412047426833,degC
a,Full ensemble,25,independent climate-model mean,2,NEN,N.E.North-America,BCC-CSM2-MR,2.6518518289708526,degC
a,Full ensemble,25,independent climate-model mean,2,NEN,N.E.North-America,CESM2,3.032071144567591,degC
a,Full ensemble,25,independent climate-model mean,2,NEN,N.E.North-America,CMCC-ESM2,3.4296695997652336,degC
a,Full ensemble,25,independent climate-model mean,2,NEN,N.E.North-America,CNRM-CM6-1,2.6629754165846635,degC
a,Full ensemble,25,independent climate-model mean,2,NEN,N.E.North-America,CNRM-ESM2-1,2.1849513399340075,degC
a,Full ensemble,25,independent climate-model mean,2,NEN,N.E.North-America,CanESM5,4.3292623873331255,degC
a,Full ensemble,25,independent climate-model mean,2,NEN,N.E.North-America,EC-Earth3-Veg,4.645453835542454,degC
a,Full ensemble,25,independent climate-model mean,2,NEN,N.E.North-America,FGOALS-g3,2.5332725933223132,degC
a,Full ensemble,25,independent climate-model mean,2,NEN,N.E.North-America,GFDL-CM4,2.6953608345366895,degC
a,Full ensemble,25,independent climate-model mean,2,NEN,N.E.North-America,GFDL-ESM4,1.5830361285131018,degC
a,Full ensemble,25,independent climate-model mean,2,NEN,N.E.North-America,HadGEM3-GC31-LL,3.1013367084970023,degC
a,Full ensemble,25,independent climate-model mean,2,NEN,N.E.North-America,INM-CM4-8,1.4420361660515535,degC
a,Full ensemble,25,independent climate-model mean,2,NEN,N.E.North-America,INM-CM5-0,2.2834081283356276,degC
a,Full ensemble,25,independent climate-model mean,2,NEN,N.E.North-America,IPSL-CM6A-LR,3.2669448800618093,degC
a,Full ensemble,25,independent climate-model mean,2,NEN,N.E.North-America,MIROC-ES2L,2.255478098633172,degC
a,Full ensemble,25,independent climate-model mean,2,NEN,N.E.North-America,MIROC6,2.465281630687332,degC
a,Full ensemble,25,independent climate-model mean,2,NEN,N.E.North-America,MPI-ESM1-2-HR,2.466405568861729,degC
a,Full ensemble,25,independent climate-model mean,2,NEN,N.E.North-America,MPI-ESM1-2-LR,2.7032002564296618,degC
a,Full ensemble,25,independent climate-model mean,2,NEN,N.E.North-America,MRI-ESM2-0,2.4927770117422736,degC
a,Full ensemble,25,independent climate-model mean,2,NEN,N.E.North-America,NESM3,2.9991268962877013,degC
a,Full ensemble,25,independent climate-model mean,2,NEN,N.E.North-America,NorESM2-LM,2.3719522497330248,degC
a,Full ensemble,25,independent climate-model mean,2,NEN,N.E.North-America,NorESM2-MM,2.452100741761254,degC
a,Full ensemble,25,independent climate-model mean,2,NEN,N.E.North-America,UKESM1-0-LL,2.6835618763874067,degC
a,Full ensemble,25,independent climate-model mean,3,WNA,W.North-America,ACCESS-CM2,1.5232806505169105,degC
a,Full ensemble,25,independent climate-model mean,3,WNA,W.North-America,ACCESS-ESM1-5,1.47549124859054,degC
a,Full ensemble,25,independent climate-model mean,3,WNA,W.North-America,BCC-CSM2-MR,1.104488176436981,degC
a,Full ensemble,25,independent climate-model mean,3,WNA,W.North-America,CESM2,1.5575931545164812,degC
a,Full ensemble,25,independent climate-model mean,3,WNA,W.North-America,CMCC-ESM2,1.9734919719559663,degC
a,Full ensemble,25,independent climate-model mean,3,WNA,W.North-America,CNRM-CM6-1,1.4697614295806627,degC
a,Full ensemble,25,independent climate-model mean,3,WNA,W.North-America,CNRM-ESM2-1,1.0333542966901406,degC
a,Full ensemble,25,independent climate-model mean,3,WNA,W.North-America,CanESM5,2.314434619011327,degC
a,Full ensemble,25,independent climate-model mean,3,WNA,W.North-America,EC-Earth3-Veg,1.8269985289289132,degC
a,Full ensemble,25,independent climate-model mean,3,WNA,W.North-America,FGOALS-g3,2.121148101278874,degC
a,Full ensemble,25,independent climate-model mean,3,WNA,W.North-America,GFDL-CM4,1.661598024246043,degC
a,Full ensemble,25,independent climate-model mean,3,WNA,W.North-America,GFDL-ESM4,1.0622899283760447,degC
a,Full ensemble,25,independent climate-model mean,3,WNA,W.North-America,HadGEM3-GC31-LL,1.660824586017019,degC
a,Full ensemble,25,independent climate-model mean,3,WNA,W.North-America,INM-CM4-8,1.6573777193719952,degC
a,Full ensemble,25,independent climate-model mean,3,WNA,W.North-America,INM-CM5-0,1.5914638372086403,degC
a,Full ensemble,25,independent climate-model mean,3,WNA,W.North-America,IPSL-CM6A-LR,1.6903371868320232,degC
a,Full ensemble,25,independent climate-model mean,3,WNA,W.North-America,MIROC-ES2L,1.1206237716461054,degC
a,Full ensemble,25,independent climate-model mean,3,WNA,W.North-America,MIROC6,1.3010666841420921,degC
a,Full ensemble,25,independent climate-model mean,3,WNA,W.North-America,MPI-ESM1-2-HR,1.5992574708928196,degC
a,Full ensemble,25,independent climate-model mean,3,WNA,W.North-America,MPI-ESM1-2-LR,1.6787697283546517,degC
a,Full ensemble,25,independent climate-model mean,3,WNA,W.North-America,MRI-ESM2-0,1.3634577265665178,degC
a,Full ensemble,25,independent climate-model mean,3,WNA,W.North-America,NESM3,2.238676055237943,degC
a,Full ensemble,25,independent climate-model mean,3,WNA,W.North-America,NorESM2-LM,1.2912202409770241,degC
a,Full ensemble,25,independent climate-model mean,3,WNA,W.North-America,NorESM2-MM,0.7821197945341302,degC
a,Full ensemble,25,independent climate-model mean,3,WNA,W.North-America,UKESM1-0-LL,1.508398244897473,degC
a,Full ensemble,25,independent climate-model mean,4,CNA,C.North-America,ACCESS-CM2,1.337509390535272,degC
a,Full ensemble,25,independent climate-model mean,4,CNA,C.North-America,ACCESS-ESM1-5,1.4014408311551159,degC
a,Full ensemble,25,independent climate-model mean,4,CNA,C.North-America,BCC-CSM2-MR,1.0481687057570976,degC
a,Full ensemble,25,independent climate-model mean,4,CNA,C.North-America,CESM2,1.218121638559575,degC
a,Full ensemble,25,independent climate-model mean,4,CNA,C.North-America,CMCC-ESM2,1.545666732308872,degC
a,Full ensemble,25,independent climate-model mean,4,CNA,C.North-America,CNRM-CM6-1,1.5986747662519256,degC
a,Full ensemble,25,independent climate-model mean,4,CNA,C.North-America,CNRM-ESM2-1,0.22187190436624818,degC
a,Full ensemble,25,independent climate-model mean,4,CNA,C.North-America,CanESM5,2.178800363981712,degC
a,Full ensemble,25,independent climate-model mean,4,CNA,C.North-America,EC-Earth3-Veg,1.319090485527743,degC
a,Full ensemble,25,independent climate-model mean,4,CNA,C.North-America,FGOALS-g3,1.627757286710145,degC
a,Full ensemble,25,independent climate-model mean,4,CNA,C.North-America,GFDL-CM4,1.378525342986856,degC
a,Full ensemble,25,independent climate-model mean,4,CNA,C.North-America,GFDL-ESM4,0.9115036012089803,degC
a,Full ensemble,25,independent climate-model mean,4,CNA,C.North-America,HadGEM3-GC31-LL,1.7249057389856524,degC
a,Full ensemble,25,independent climate-model mean,4,CNA,C.North-America,INM-CM4-8,1.4449993991142511,degC
a,Full ensemble,25,independent climate-model mean,4,CNA,C.North-America,INM-CM5-0,1.8987186774685856,degC
a,Full ensemble,25,independent climate-model mean,4,CNA,C.North-America,IPSL-CM6A-LR,1.7585023445795485,degC
a,Full ensemble,25,independent climate-model mean,4,CNA,C.North-America,MIROC-ES2L,1.4993468416764117,degC
a,Full ensemble,25,independent climate-model mean,4,CNA,C.North-America,MIROC6,1.4582689149086232,degC
a,Full ensemble,25,independent climate-model mean,4,CNA,C.North-America,MPI-ESM1-2-HR,1.7949712864469476,degC
a,Full ensemble,25,independent climate-model mean,4,CNA,C.North-America,MPI-ESM1-2-LR,1.7045669461834563,degC
a,Full ensemble,25,independent climate-model mean,4,CNA,C.North-America,MRI-ESM2-0,1.5398919408235612,degC
a,Full ensemble,25,independent climate-model mean,4,CNA,C.North-America,NESM3,1.530011553779517,degC
a,Full ensemble,25,independent climate-model mean,4,CNA,C.North-America,NorESM2-LM,1.0587119499217046,degC
a,Full ensemble,25,independent climate-model mean,4,CNA,C.North-America,NorESM2-MM,1.0493181100611058,degC
a,Full ensemble,25,independent climate-model mean,4,CNA,C.North-America,UKESM1-0-LL,1.1217528160509904,degC
a,Full ensemble,25,independent climate-model mean,5,ENA,E.North-America,ACCESS-CM2,1.303996577942537,degC
a,Full ensemble,25,independent climate-model mean,5,ENA,E.North-America,ACCESS-ESM1-5,1.4109305896285522,degC
a,Full ensemble,25,independent climate-model mean,5,ENA,E.North-America,BCC-CSM2-MR,1.567896844641653,degC
a,Full ensemble,25,independent climate-model mean,5,ENA,E.North-America,CESM2,1.2728331291572905,degC
a,Full ensemble,25,independent climate-model mean,5,ENA,E.North-America,CMCC-ESM2,1.576974621546921,degC
a,Full ensemble,25,independent climate-model mean,5,ENA,E.North-America,CNRM-CM6-1,1.3862976966534055,degC
a,Full ensemble,25,independent climate-model mean,5,ENA,E.North-America,CNRM-ESM2-1,1.0818051637499562,degC
a,Full ensemble,25,independent climate-model mean,5,ENA,E.North-America,CanESM5,2.2607002811423484,degC
a,Full ensemble,25,independent climate-model mean,5,ENA,E.North-America,EC-Earth3-Veg,1.7835136094483524,degC
a,Full ensemble,25,independent climate-model mean,5,ENA,E.North-America,FGOALS-g3,1.3927057445684872,degC
a,Full ensemble,25,independent climate-model mean,5,ENA,E.North-America,GFDL-CM4,1.6731828641616169,degC
a,Full ensemble,25,independent climate-model mean,5,ENA,E.North-America,GFDL-ESM4,0.8096351003581338,degC
a,Full ensemble,25,independent climate-model mean,5,ENA,E.North-America,HadGEM3-GC31-LL,1.906985439533008,degC
a,Full ensemble,25,independent climate-model mean,5,ENA,E.North-America,INM-CM4-8,0.9876678155532973,degC
a,Full ensemble,25,independent climate-model mean,5,ENA,E.North-America,INM-CM5-0,1.5433234370371989,degC
a,Full ensemble,25,independent climate-model mean,5,ENA,E.North-America,IPSL-CM6A-LR,1.823068098024234,degC
a,Full ensemble,25,independent climate-model mean,5,ENA,E.North-America,MIROC-ES2L,1.4118022595642254,degC
a,Full ensemble,25,independent climate-model mean,5,ENA,E.North-America,MIROC6,1.2871120053360903,degC
a,Full ensemble,25,independent climate-model mean,5,ENA,E.North-America,MPI-ESM1-2-HR,1.3928254359136547,degC
a,Full ensemble,25,independent climate-model mean,5,ENA,E.North-America,MPI-ESM1-2-LR,1.6150304359526604,degC
a,Full ensemble,25,independent climate-model mean,5,ENA,E.North-America,MRI-ESM2-0,1.5068471581154648,degC
a,Full ensemble,25,independent climate-model mean,5,ENA,E.North-America,NESM3,1.3728023512614431,degC
a,Full ensemble,25,independent climate-model mean,5,ENA,E.North-America,NorESM2-LM,1.4020543549493238,degC
a,Full ensemble,25,independent climate-model mean,5,ENA,E.North-America,NorESM2-MM,1.16006985198758,degC
a,Full ensemble,25,independent climate-model mean,5,ENA,E.North-America,UKESM1-0-LL,1.5904558992716655,degC
a,Full ensemble,25,independent climate-model mean,6,NCA,N.Central-America,ACCESS-CM2,1.322017745697832,degC
a,Full ensemble,25,independent climate-model mean,6,NCA,N.Central-America,ACCESS-ESM1-5,1.2006642539614947,degC
a,Full ensemble,25,independent climate-model mean,6,NCA,N.Central-America,BCC-CSM2-MR,1.154329762345043,degC
a,Full ensemble,25,independent climate-model mean,6,NCA,N.Central-America,CESM2,1.0467283713124815,degC
a,Full ensemble,25,independent climate-model mean,6,NCA,N.Central-America,CMCC-ESM2,1.49641888715401,degC
a,Full ensemble,25,independent climate-model mean,6,NCA,N.Central-America,CNRM-CM6-1,1.3285130461811332,degC
a,Full ensemble,25,independent climate-model mean,6,NCA,N.Central-America,CNRM-ESM2-1,0.7879890469340444,degC
a,Full ensemble,25,independent climate-model mean,6,NCA,N.Central-America,CanESM5,2.006619580966512,degC
a,Full ensemble,25,independent climate-model mean,6,NCA,N.Central-America,EC-Earth3-Veg,1.570282810908886,degC
a,Full ensemble,25,independent climate-model mean,6,NCA,N.Central-America,FGOALS-g3,1.323557894783607,degC
a,Full ensemble,25,independent climate-model mean,6,NCA,N.Central-America,GFDL-CM4,1.2640028925830176,degC
a,Full ensemble,25,independent climate-model mean,6,NCA,N.Central-America,GFDL-ESM4,1.1123940224929671,degC
a,Full ensemble,25,independent climate-model mean,6,NCA,N.Central-America,HadGEM3-GC31-LL,1.2727536139135847,degC
a,Full ensemble,25,independent climate-model mean,6,NCA,N.Central-America,INM-CM4-8,1.4315705510754082,degC
a,Full ensemble,25,independent climate-model mean,6,NCA,N.Central-America,INM-CM5-0,1.3626930118169762,degC
a,Full ensemble,25,independent climate-model mean,6,NCA,N.Central-America,IPSL-CM6A-LR,1.5837763738130481,degC
a,Full ensemble,25,independent climate-model mean,6,NCA,N.Central-America,MIROC-ES2L,1.3424750547727202,degC
a,Full ensemble,25,independent climate-model mean,6,NCA,N.Central-America,MIROC6,1.2153642258658697,degC
a,Full ensemble,25,independent climate-model mean,6,NCA,N.Central-America,MPI-ESM1-2-HR,1.5405251090378311,degC
a,Full ensemble,25,independent climate-model mean,6,NCA,N.Central-America,MPI-ESM1-2-LR,1.455786864863359,degC
a,Full ensemble,25,independent climate-model mean,6,NCA,N.Central-America,MRI-ESM2-0,1.215305516023376,degC
a,Full ensemble,25,independent climate-model mean,6,NCA,N.Central-America,NESM3,1.5237118192946695,degC
a,Full ensemble,25,independent climate-model mean,6,NCA,N.Central-America,NorESM2-LM,1.1417973015209306,degC
a,Full ensemble,25,independent climate-model mean,6,NCA,N.Central-America,NorESM2-MM,0.9437684798184449,degC
a,Full ensemble,25,independent climate-model mean,6,NCA,N.Central-America,UKESM1-0-LL,1.2098363336775324,degC
a,Full ensemble,25,independent climate-model mean,7,SCA,S.Central-America,ACCESS-CM2,1.11708005441139,degC
a,Full ensemble,25,independent climate-model mean,7,SCA,S.Central-America,ACCESS-ESM1-5,1.1587478865337786,degC
a,Full ensemble,25,independent climate-model mean,7,SCA,S.Central-America,BCC-CSM2-MR,1.0201124191900777,degC
a,Full ensemble,25,independent climate-model mean,7,SCA,S.Central-America,CESM2,1.1700355126620707,degC
a,Full ensemble,25,independent climate-model mean,7,SCA,S.Central-America,CMCC-ESM2,1.3285319477574542,degC
a,Full ensemble,25,independent climate-model mean,7,SCA,S.Central-America,CNRM-CM6-1,0.9634125592435414,degC
a,Full ensemble,25,independent climate-model mean,7,SCA,S.Central-America,CNRM-ESM2-1,0.8223698821491178,degC
a,Full ensemble,25,independent climate-model mean,7,SCA,S.Central-America,CanESM5,1.7697417472824408,degC
a,Full ensemble,25,independent climate-model mean,7,SCA,S.Central-America,EC-Earth3-Veg,1.3320998619034488,degC
a,Full ensemble,25,independent climate-model mean,7,SCA,S.Central-America,FGOALS-g3,1.2222334854454653,degC
a,Full ensemble,25,independent climate-model mean,7,SCA,S.Central-America,GFDL-CM4,1.1171355021842422,degC
a,Full ensemble,25,independent climate-model mean,7,SCA,S.Central-America,GFDL-ESM4,1.1834357757949714,degC
a,Full ensemble,25,independent climate-model mean,7,SCA,S.Central-America,HadGEM3-GC31-LL,1.176077854711452,degC
a,Full ensemble,25,independent climate-model mean,7,SCA,S.Central-America,INM-CM4-8,1.0990224949790692,degC
a,Full ensemble,25,independent climate-model mean,7,SCA,S.Central-America,INM-CM5-0,1.0912611373741181,degC
a,Full ensemble,25,independent climate-model mean,7,SCA,S.Central-America,IPSL-CM6A-LR,1.3101918326529678,degC
a,Full ensemble,25,independent climate-model mean,7,SCA,S.Central-America,MIROC-ES2L,1.05133267600303,degC
a,Full ensemble,25,independent climate-model mean,7,SCA,S.Central-America,MIROC6,0.968750198143138,degC
a,Full ensemble,25,independent climate-model mean,7,SCA,S.Central-America,MPI-ESM1-2-HR,1.1117731662314116,degC
a,Full ensemble,25,independent climate-model mean,7,SCA,S.Central-America,MPI-ESM1-2-LR,1.1403853501228043,degC
a,Full ensemble,25,independent climate-model mean,7,SCA,S.Central-America,MRI-ESM2-0,1.0485160349730591,degC
a,Full ensemble,25,independent climate-model mean,7,SCA,S.Central-America,NESM3,1.2180357827732253,degC
a,Full ensemble,25,independent climate-model mean,7,SCA,S.Central-America,NorESM2-LM,0.9335536875002376,degC
a,Full ensemble,25,independent climate-model mean,7,SCA,S.Central-America,NorESM2-MM,0.9398315831186993,degC
a,Full ensemble,25,independent climate-model mean,7,SCA,S.Central-America,UKESM1-0-LL,1.147536752108627,degC
a,Full ensemble,25,independent climate-model mean,8,CAR,Caribbean,ACCESS-CM2,1.0433282798807482,degC
a,Full ensemble,25,independent climate-model mean,8,CAR,Caribbean,ACCESS-ESM1-5,1.092706543714752,degC
a,Full ensemble,25,independent climate-model mean,8,CAR,Caribbean,BCC-CSM2-MR,0.904758715297264,degC
a,Full ensemble,25,independent climate-model mean,8,CAR,Caribbean,CESM2,1.0085569231358817,degC
a,Full ensemble,25,independent climate-model mean,8,CAR,Caribbean,CMCC-ESM2,1.115778463319428,degC
a,Full ensemble,25,independent climate-model mean,8,CAR,Caribbean,CNRM-CM6-1,0.918517898039869,degC
a,Full ensemble,25,independent climate-model mean,8,CAR,Caribbean,CNRM-ESM2-1,0.7907322779202326,degC
a,Full ensemble,25,independent climate-model mean,8,CAR,Caribbean,CanESM5,1.5596601010081166,degC
a,Full ensemble,25,independent climate-model mean,8,CAR,Caribbean,EC-Earth3-Veg,1.3452069458971372,degC
a,Full ensemble,25,independent climate-model mean,8,CAR,Caribbean,FGOALS-g3,1.1464685448858472,degC
a,Full ensemble,25,independent climate-model mean,8,CAR,Caribbean,GFDL-CM4,1.1277294327722687,degC
a,Full ensemble,25,independent climate-model mean,8,CAR,Caribbean,GFDL-ESM4,1.010491882894606,degC
a,Full ensemble,25,independent climate-model mean,8,CAR,Caribbean,HadGEM3-GC31-LL,1.0413557626259435,degC
a,Full ensemble,25,independent climate-model mean,8,CAR,Caribbean,INM-CM4-8,0.8818720253955823,degC
a,Full ensemble,25,independent climate-model mean,8,CAR,Caribbean,INM-CM5-0,0.9087347886613021,degC
a,Full ensemble,25,independent climate-model mean,8,CAR,Caribbean,IPSL-CM6A-LR,1.2723768921889658,degC
a,Full ensemble,25,independent climate-model mean,8,CAR,Caribbean,MIROC-ES2L,0.9369330413193854,degC
a,Full ensemble,25,independent climate-model mean,8,CAR,Caribbean,MIROC6,0.8646181545875067,degC
a,Full ensemble,25,independent climate-model mean,8,CAR,Caribbean,MPI-ESM1-2-HR,1.061665156632872,degC
a,Full ensemble,25,independent climate-model mean,8,CAR,Caribbean,MPI-ESM1-2-LR,1.0967652630164264,degC
a,Full ensemble,25,independent climate-model mean,8,CAR,Caribbean,MRI-ESM2-0,0.9779754806947528,degC
a,Full ensemble,25,independent climate-model mean,8,CAR,Caribbean,NESM3,1.1938765278030725,degC
a,Full ensemble,25,independent climate-model mean,8,CAR,Caribbean,NorESM2-LM,1.0087129782615956,degC
a,Full ensemble,25,independent climate-model mean,8,CAR,Caribbean,NorESM2-MM,0.934133752032855,degC
a,Full ensemble,25,independent climate-model mean,8,CAR,Caribbean,UKESM1-0-LL,0.9876660026294409,degC
a,Full ensemble,25,independent climate-model mean,9,NWS,N.W.South-America,ACCESS-CM2,1.3725346577353836,degC
a,Full ensemble,25,independent climate-model mean,9,NWS,N.W.South-America,ACCESS-ESM1-5,1.3162262790587094,degC
a,Full ensemble,25,independent climate-model mean,9,NWS,N.W.South-America,BCC-CSM2-MR,1.278336470467543,degC
a,Full ensemble,25,independent climate-model mean,9,NWS,N.W.South-America,CESM2,1.111732051445353,degC
a,Full ensemble,25,independent climate-model mean,9,NWS,N.W.South-America,CMCC-ESM2,1.2432020630065792,degC
a,Full ensemble,25,independent climate-model mean,9,NWS,N.W.South-America,CNRM-CM6-1,1.1196965172953586,degC
a,Full ensemble,25,independent climate-model mean,9,NWS,N.W.South-America,CNRM-ESM2-1,0.9969667251424266,degC
a,Full ensemble,25,independent climate-model mean,9,NWS,N.W.South-America,CanESM5,2.3941372003188204,degC
a,Full ensemble,25,independent climate-model mean,9,NWS,N.W.South-America,EC-Earth3-Veg,1.4428557004866758,degC
a,Full ensemble,25,independent climate-model mean,9,NWS,N.W.South-America,FGOALS-g3,1.383777379153423,degC
a,Full ensemble,25,independent climate-model mean,9,NWS,N.W.South-America,GFDL-CM4,1.2009222109044615,degC
a,Full ensemble,25,independent climate-model mean,9,NWS,N.W.South-America,GFDL-ESM4,1.3875140209010675,degC
a,Full ensemble,25,independent climate-model mean,9,NWS,N.W.South-America,HadGEM3-GC31-LL,1.4091915414211384,degC
a,Full ensemble,25,independent climate-model mean,9,NWS,N.W.South-America,INM-CM4-8,1.0707047736329305,degC
a,Full ensemble,25,independent climate-model mean,9,NWS,N.W.South-America,INM-CM5-0,1.0621420970753128,degC
a,Full ensemble,25,independent climate-model mean,9,NWS,N.W.South-America,IPSL-CM6A-LR,1.5078586844896682,degC
a,Full ensemble,25,independent climate-model mean,9,NWS,N.W.South-America,MIROC-ES2L,1.0824356485631053,degC
a,Full ensemble,25,independent climate-model mean,9,NWS,N.W.South-America,MIROC6,1.018677346157329,degC
a,Full ensemble,25,independent climate-model mean,9,NWS,N.W.South-America,MPI-ESM1-2-HR,1.1274691942322466,degC
a,Full ensemble,25,independent climate-model mean,9,NWS,N.W.South-America,MPI-ESM1-2-LR,1.2939462925213827,degC
a,Full ensemble,25,independent climate-model mean,9,NWS,N.W.South-America,MRI-ESM2-0,1.0155606011333416,degC
a,Full ensemble,25,independent climate-model mean,9,NWS,N.W.South-America,NESM3,1.2899276525118095,degC
a,Full ensemble,25,independent climate-model mean,9,NWS,N.W.South-America,NorESM2-LM,0.7574339990980726,degC
a,Full ensemble,25,independent climate-model mean,9,NWS,N.W.South-America,NorESM2-MM,0.7896407733381944,degC
a,Full ensemble,25,independent climate-model mean,9,NWS,N.W.South-America,UKESM1-0-LL,1.4429393786805373,degC
a,Full ensemble,25,independent climate-model mean,10,NSA,N.South-America,ACCESS-CM2,1.589118399551306,degC
a,Full ensemble,25,independent climate-model mean,10,NSA,N.South-America,ACCESS-ESM1-5,1.628674696860455,degC
a,Full ensemble,25,independent climate-model mean,10,NSA,N.South-America,BCC-CSM2-MR,1.3637022123451683,degC
a,Full ensemble,25,independent climate-model mean,10,NSA,N.South-America,CESM2,1.1216561978819044,degC
a,Full ensemble,25,independent climate-model mean,10,NSA,N.South-America,CMCC-ESM2,1.1216342928068612,degC
a,Full ensemble,25,independent climate-model mean,10,NSA,N.South-America,CNRM-CM6-1,1.2191750867843139,degC
a,Full ensemble,25,independent climate-model mean,10,NSA,N.South-America,CNRM-ESM2-1,1.1659704426315354,degC
a,Full ensemble,25,independent climate-model mean,10,NSA,N.South-America,CanESM5,3.016877478992317,degC
a,Full ensemble,25,independent climate-model mean,10,NSA,N.South-America,EC-Earth3-Veg,1.6682114391228755,degC
a,Full ensemble,25,independent climate-model mean,10,NSA,N.South-America,FGOALS-g3,1.4747574456089079,degC
a,Full ensemble,25,independent climate-model mean,10,NSA,N.South-America,GFDL-CM4,1.3484918685624954,degC
a,Full ensemble,25,independent climate-model mean,10,NSA,N.South-America,GFDL-ESM4,1.565437464647753,degC
a,Full ensemble,25,independent climate-model mean,10,NSA,N.South-America,HadGEM3-GC31-LL,1.7888798612414198,degC
a,Full ensemble,25,independent climate-model mean,10,NSA,N.South-America,INM-CM4-8,1.0350012869373162,degC
a,Full ensemble,25,independent climate-model mean,10,NSA,N.South-America,INM-CM5-0,1.0257261172296563,degC
a,Full ensemble,25,independent climate-model mean,10,NSA,N.South-America,IPSL-CM6A-LR,1.6408192001634092,degC
a,Full ensemble,25,independent climate-model mean,10,NSA,N.South-America,MIROC-ES2L,1.0933453768627894,degC
a,Full ensemble,25,independent climate-model mean,10,NSA,N.South-America,MIROC6,1.0706306254221978,degC
a,Full ensemble,25,independent climate-model mean,10,NSA,N.South-America,MPI-ESM1-2-HR,1.2220404331416554,degC
a,Full ensemble,25,independent climate-model mean,10,NSA,N.South-America,MPI-ESM1-2-LR,1.3918397366535225,degC
a,Full ensemble,25,independent climate-model mean,10,NSA,N.South-America,MRI-ESM2-0,1.1822608392475655,degC
a,Full ensemble,25,independent climate-model mean,10,NSA,N.South-America,NESM3,1.4009064516905592,degC
a,Full ensemble,25,independent climate-model mean,10,NSA,N.South-America,NorESM2-LM,0.8489485951029515,degC
a,Full ensemble,25,independent climate-model mean,10,NSA,N.South-America,NorESM2-MM,0.8467505177521291,degC
a,Full ensemble,25,independent climate-model mean,10,NSA,N.South-America,UKESM1-0-LL,1.8111679216581877,degC
a,Full ensemble,25,independent climate-model mean,11,NES,N.E.South-America,ACCESS-CM2,1.2940002431835427,degC
a,Full ensemble,25,independent climate-model mean,11,NES,N.E.South-America,ACCESS-ESM1-5,1.2186153748089394,degC
a,Full ensemble,25,independent climate-model mean,11,NES,N.E.South-America,BCC-CSM2-MR,1.1805615841999688,degC
a,Full ensemble,25,independent climate-model mean,11,NES,N.E.South-America,CESM2,1.4892302390769407,degC
a,Full ensemble,25,independent climate-model mean,11,NES,N.E.South-America,CMCC-ESM2,1.345863929832377,degC
a,Full ensemble,25,independent climate-model mean,11,NES,N.E.South-America,CNRM-CM6-1,1.1127910840862132,degC
a,Full ensemble,25,independent climate-model mean,11,NES,N.E.South-America,CNRM-ESM2-1,1.0344291227324793,degC
a,Full ensemble,25,independent climate-model mean,11,NES,N.E.South-America,CanESM5,2.139047795785016,degC
a,Full ensemble,25,independent climate-model mean,11,NES,N.E.South-America,EC-Earth3-Veg,1.4724943660926757,degC
a,Full ensemble,25,independent climate-model mean,11,NES,N.E.South-America,FGOALS-g3,1.5530118114929636,degC
a,Full ensemble,25,independent climate-model mean,11,NES,N.E.South-America,GFDL-CM4,0.9619334922296575,degC
a,Full ensemble,25,independent climate-model mean,11,NES,N.E.South-America,GFDL-ESM4,1.5318015364163857,degC
a,Full ensemble,25,independent climate-model mean,11,NES,N.E.South-America,HadGEM3-GC31-LL,1.2836360681795582,degC
a,Full ensemble,25,independent climate-model mean,11,NES,N.E.South-America,INM-CM4-8,1.0737625757843585,degC
a,Full ensemble,25,independent climate-model mean,11,NES,N.E.South-America,INM-CM5-0,0.9918671935942317,degC
a,Full ensemble,25,independent climate-model mean,11,NES,N.E.South-America,IPSL-CM6A-LR,1.470482973704169,degC
a,Full ensemble,25,independent climate-model mean,11,NES,N.E.South-America,MIROC-ES2L,1.0203563590611147,degC
a,Full ensemble,25,independent climate-model mean,11,NES,N.E.South-America,MIROC6,1.0626175837898724,degC
a,Full ensemble,25,independent climate-model mean,11,NES,N.E.South-America,MPI-ESM1-2-HR,1.1169567868506949,degC
a,Full ensemble,25,independent climate-model mean,11,NES,N.E.South-America,MPI-ESM1-2-LR,1.2339134757029409,degC
a,Full ensemble,25,independent climate-model mean,11,NES,N.E.South-America,MRI-ESM2-0,1.3954413294760766,degC
a,Full ensemble,25,independent climate-model mean,11,NES,N.E.South-America,NESM3,1.3092866719923038,degC
a,Full ensemble,25,independent climate-model mean,11,NES,N.E.South-America,NorESM2-LM,1.001255027681619,degC
a,Full ensemble,25,independent climate-model mean,11,NES,N.E.South-America,NorESM2-MM,1.0705623208310775,degC
a,Full ensemble,25,independent climate-model mean,11,NES,N.E.South-America,UKESM1-0-LL,1.299417950568675,degC
a,Full ensemble,25,independent climate-model mean,12,SAM,South-American-Monsoon,ACCESS-CM2,1.5280332780076784,degC
a,Full ensemble,25,independent climate-model mean,12,SAM,South-American-Monsoon,ACCESS-ESM1-5,1.5541971515953326,degC
a,Full ensemble,25,independent climate-model mean,12,SAM,South-American-Monsoon,BCC-CSM2-MR,1.3923878988694929,degC
a,Full ensemble,25,independent climate-model mean,12,SAM,South-American-Monsoon,CESM2,2.2038227380390616,degC
a,Full ensemble,25,independent climate-model mean,12,SAM,South-American-Monsoon,CMCC-ESM2,1.265074895723234,degC
a,Full ensemble,25,independent climate-model mean,12,SAM,South-American-Monsoon,CNRM-CM6-1,1.3446194991371891,degC
a,Full ensemble,25,independent climate-model mean,12,SAM,South-American-Monsoon,CNRM-ESM2-1,1.3453580796392581,degC
a,Full ensemble,25,independent climate-model mean,12,SAM,South-American-Monsoon,CanESM5,3.1597827989539207,degC
a,Full ensemble,25,independent climate-model mean,12,SAM,South-American-Monsoon,EC-Earth3-Veg,1.8135462705393675,degC
a,Full ensemble,25,independent climate-model mean,12,SAM,South-American-Monsoon,FGOALS-g3,1.923680979958365,degC
a,Full ensemble,25,independent climate-model mean,12,SAM,South-American-Monsoon,GFDL-CM4,1.6827896666964048,degC
a,Full ensemble,25,independent climate-model mean,12,SAM,South-American-Monsoon,GFDL-ESM4,2.0746018822928987,degC
a,Full ensemble,25,independent climate-model mean,12,SAM,South-American-Monsoon,HadGEM3-GC31-LL,1.5711956824246227,degC
a,Full ensemble,25,independent climate-model mean,12,SAM,South-American-Monsoon,INM-CM4-8,1.2147385079665358,degC
a,Full ensemble,25,independent climate-model mean,12,SAM,South-American-Monsoon,INM-CM5-0,1.2169649960400881,degC
a,Full ensemble,25,independent climate-model mean,12,SAM,South-American-Monsoon,IPSL-CM6A-LR,1.8545820930586507,degC
a,Full ensemble,25,independent climate-model mean,12,SAM,South-American-Monsoon,MIROC-ES2L,1.651726012903667,degC
a,Full ensemble,25,independent climate-model mean,12,SAM,South-American-Monsoon,MIROC6,1.456588672010422,degC
a,Full ensemble,25,independent climate-model mean,12,SAM,South-American-Monsoon,MPI-ESM1-2-HR,1.3272609091921708,degC
a,Full ensemble,25,independent climate-model mean,12,SAM,South-American-Monsoon,MPI-ESM1-2-LR,1.4909117398411715,degC
a,Full ensemble,25,independent climate-model mean,12,SAM,South-American-Monsoon,MRI-ESM2-0,1.7378729441319927,degC
a,Full ensemble,25,independent climate-model mean,12,SAM,South-American-Monsoon,NESM3,1.4991941489699767,degC
a,Full ensemble,25,independent climate-model mean,12,SAM,South-American-Monsoon,NorESM2-LM,1.31273506677539,degC
a,Full ensemble,25,independent climate-model mean,12,SAM,South-American-Monsoon,NorESM2-MM,1.5328751660163558,degC
a,Full ensemble,25,independent climate-model mean,12,SAM,South-American-Monsoon,UKESM1-0-LL,1.720231135018792,degC
a,Full ensemble,25,independent climate-model mean,13,SWS,S.W.South-America,ACCESS-CM2,1.0529757844971215,degC
a,Full ensemble,25,independent climate-model mean,13,SWS,S.W.South-America,ACCESS-ESM1-5,1.002406068506871,degC
a,Full ensemble,25,independent climate-model mean,13,SWS,S.W.South-America,BCC-CSM2-MR,1.0199073960472247,degC
a,Full ensemble,25,independent climate-model mean,13,SWS,S.W.South-America,CESM2,0.8806953674884538,degC
a,Full ensemble,25,independent climate-model mean,13,SWS,S.W.South-America,CMCC-ESM2,1.0795622587089784,degC
a,Full ensemble,25,independent climate-model mean,13,SWS,S.W.South-America,CNRM-CM6-1,0.9804380862456998,degC
a,Full ensemble,25,independent climate-model mean,13,SWS,S.W.South-America,CNRM-ESM2-1,1.0068112227325794,degC
a,Full ensemble,25,independent climate-model mean,13,SWS,S.W.South-America,CanESM5,2.070463713220827,degC
a,Full ensemble,25,independent climate-model mean,13,SWS,S.W.South-America,EC-Earth3-Veg,1.136831628870222,degC
a,Full ensemble,25,independent climate-model mean,13,SWS,S.W.South-America,FGOALS-g3,1.2791572688501867,degC
a,Full ensemble,25,independent climate-model mean,13,SWS,S.W.South-America,GFDL-CM4,0.6789765782996564,degC
a,Full ensemble,25,independent climate-model mean,13,SWS,S.W.South-America,GFDL-ESM4,1.0451809286998366,degC
a,Full ensemble,25,independent climate-model mean,13,SWS,S.W.South-America,HadGEM3-GC31-LL,1.1879634441918168,degC
a,Full ensemble,25,independent climate-model mean,13,SWS,S.W.South-America,INM-CM4-8,1.2039262937576543,degC
a,Full ensemble,25,independent climate-model mean,13,SWS,S.W.South-America,INM-CM5-0,1.0603501405373663,degC
a,Full ensemble,25,independent climate-model mean,13,SWS,S.W.South-America,IPSL-CM6A-LR,1.0980795765931504,degC
a,Full ensemble,25,independent climate-model mean,13,SWS,S.W.South-America,MIROC-ES2L,0.9467240688513158,degC
a,Full ensemble,25,independent climate-model mean,13,SWS,S.W.South-America,MIROC6,0.8623829026714113,degC
a,Full ensemble,25,independent climate-model mean,13,SWS,S.W.South-America,MPI-ESM1-2-HR,1.0917408715572203,degC
a,Full ensemble,25,independent climate-model mean,13,SWS,S.W.South-America,MPI-ESM1-2-LR,0.9705936252016849,degC
a,Full ensemble,25,independent climate-model mean,13,SWS,S.W.South-America,MRI-ESM2-0,0.8744268086666589,degC
a,Full ensemble,25,independent climate-model mean,13,SWS,S.W.South-America,NESM3,1.1107837664601523,degC
a,Full ensemble,25,independent climate-model mean,13,SWS,S.W.South-America,NorESM2-LM,0.6627967899175429,degC
a,Full ensemble,25,independent climate-model mean,13,SWS,S.W.South-America,NorESM2-MM,0.47645826081520115,degC
a,Full ensemble,25,independent climate-model mean,13,SWS,S.W.South-America,UKESM1-0-LL,1.1648889522504953,degC
a,Full ensemble,25,independent climate-model mean,14,SES,S.E.South-America,ACCESS-CM2,1.079181651810168,degC
a,Full ensemble,25,independent climate-model mean,14,SES,S.E.South-America,ACCESS-ESM1-5,1.0962456179858484,degC
a,Full ensemble,25,independent climate-model mean,14,SES,S.E.South-America,BCC-CSM2-MR,0.9813944646297095,degC
a,Full ensemble,25,independent climate-model mean,14,SES,S.E.South-America,CESM2,1.4644850865101635,degC
a,Full ensemble,25,independent climate-model mean,14,SES,S.E.South-America,CMCC-ESM2,0.7213324985055596,degC
a,Full ensemble,25,independent climate-model mean,14,SES,S.E.South-America,CNRM-CM6-1,0.9696966330842554,degC
a,Full ensemble,25,independent climate-model mean,14,SES,S.E.South-America,CNRM-ESM2-1,0.6583119804725144,degC
a,Full ensemble,25,independent climate-model mean,14,SES,S.E.South-America,CanESM5,1.9334923974662666,degC
a,Full ensemble,25,independent climate-model mean,14,SES,S.E.South-America,EC-Earth3-Veg,1.2139243838698082,degC
a,Full ensemble,25,independent climate-model mean,14,SES,S.E.South-America,FGOALS-g3,1.115092544056766,degC
a,Full ensemble,25,independent climate-model mean,14,SES,S.E.South-America,GFDL-CM4,1.175675013815979,degC
a,Full ensemble,25,independent climate-model mean,14,SES,S.E.South-America,GFDL-ESM4,1.5276554935056763,degC
a,Full ensemble,25,independent climate-model mean,14,SES,S.E.South-America,HadGEM3-GC31-LL,1.1459462900819144,degC
a,Full ensemble,25,independent climate-model mean,14,SES,S.E.South-America,INM-CM4-8,1.2503158918620643,degC
a,Full ensemble,25,independent climate-model mean,14,SES,S.E.South-America,INM-CM5-0,0.894760340848781,degC
a,Full ensemble,25,independent climate-model mean,14,SES,S.E.South-America,IPSL-CM6A-LR,1.3301093387293539,degC
a,Full ensemble,25,independent climate-model mean,14,SES,S.E.South-America,MIROC-ES2L,0.8427050640783431,degC
a,Full ensemble,25,independent climate-model mean,14,SES,S.E.South-America,MIROC6,0.7459843399058829,degC
a,Full ensemble,25,independent climate-model mean,14,SES,S.E.South-America,MPI-ESM1-2-HR,1.0841800040551222,degC
a,Full ensemble,25,independent climate-model mean,14,SES,S.E.South-America,MPI-ESM1-2-LR,1.1545479911474212,degC
a,Full ensemble,25,independent climate-model mean,14,SES,S.E.South-America,MRI-ESM2-0,1.214353113075581,degC
a,Full ensemble,25,independent climate-model mean,14,SES,S.E.South-America,NESM3,1.3964039256299685,degC
a,Full ensemble,25,independent climate-model mean,14,SES,S.E.South-America,NorESM2-LM,0.6629389358302106,degC
a,Full ensemble,25,independent climate-model mean,14,SES,S.E.South-America,NorESM2-MM,1.0442263178327122,degC
a,Full ensemble,25,independent climate-model mean,14,SES,S.E.South-America,UKESM1-0-LL,1.2191326631778028,degC
a,Full ensemble,25,independent climate-model mean,15,SSA,S.South-America,ACCESS-CM2,0.8272666371263696,degC
a,Full ensemble,25,independent climate-model mean,15,SSA,S.South-America,ACCESS-ESM1-5,0.7130388790019662,degC
a,Full ensemble,25,independent climate-model mean,15,SSA,S.South-America,BCC-CSM2-MR,0.7337685210438064,degC
a,Full ensemble,25,independent climate-model mean,15,SSA,S.South-America,CESM2,0.8959807489145571,degC
a,Full ensemble,25,independent climate-model mean,15,SSA,S.South-America,CMCC-ESM2,0.86162923516405,degC
a,Full ensemble,25,independent climate-model mean,15,SSA,S.South-America,CNRM-CM6-1,0.9949378597475675,degC
a,Full ensemble,25,independent climate-model mean,15,SSA,S.South-America,CNRM-ESM2-1,0.8630300659848885,degC
a,Full ensemble,25,independent climate-model mean,15,SSA,S.South-America,CanESM5,1.3682464323315124,degC
a,Full ensemble,25,independent climate-model mean,15,SSA,S.South-America,EC-Earth3-Veg,1.044452422795355,degC
a,Full ensemble,25,independent climate-model mean,15,SSA,S.South-America,FGOALS-g3,0.9610352095125189,degC
a,Full ensemble,25,independent climate-model mean,15,SSA,S.South-America,GFDL-CM4,0.763989720378617,degC
a,Full ensemble,25,independent climate-model mean,15,SSA,S.South-America,GFDL-ESM4,0.6944597684429817,degC
a,Full ensemble,25,independent climate-model mean,15,SSA,S.South-America,HadGEM3-GC31-LL,0.8590769995223795,degC
a,Full ensemble,25,independent climate-model mean,15,SSA,S.South-America,INM-CM4-8,0.7488823549490051,degC
a,Full ensemble,25,independent climate-model mean,15,SSA,S.South-America,INM-CM5-0,0.6476228013779048,degC
a,Full ensemble,25,independent climate-model mean,15,SSA,S.South-America,IPSL-CM6A-LR,0.8826099411037941,degC
a,Full ensemble,25,independent climate-model mean,15,SSA,S.South-America,MIROC-ES2L,0.7425697338802344,degC
a,Full ensemble,25,independent climate-model mean,15,SSA,S.South-America,MIROC6,0.5845345570965869,degC
a,Full ensemble,25,independent climate-model mean,15,SSA,S.South-America,MPI-ESM1-2-HR,1.0967892057871373,degC
a,Full ensemble,25,independent climate-model mean,15,SSA,S.South-America,MPI-ESM1-2-LR,0.7113865495194597,degC
a,Full ensemble,25,independent climate-model mean,15,SSA,S.South-America,MRI-ESM2-0,0.6362333812166763,degC
a,Full ensemble,25,independent climate-model mean,15,SSA,S.South-America,NESM3,0.7560767446624518,degC
a,Full ensemble,25,independent climate-model mean,15,SSA,S.South-America,NorESM2-LM,0.3446462058896186,degC
a,Full ensemble,25,independent climate-model mean,15,SSA,S.South-America,NorESM2-MM,0.3099795655381958,degC
a,Full ensemble,25,independent climate-model mean,15,SSA,S.South-America,UKESM1-0-LL,0.8690142520841405,degC
a,Full ensemble,25,independent climate-model mean,16,NEU,N.Europe,ACCESS-CM2,1.322956887137873,degC
a,Full ensemble,25,independent climate-model mean,16,NEU,N.Europe,ACCESS-ESM1-5,1.4635812293054968,degC
a,Full ensemble,25,independent climate-model mean,16,NEU,N.Europe,BCC-CSM2-MR,1.82970199176665,degC
a,Full ensemble,25,independent climate-model mean,16,NEU,N.Europe,CESM2,1.4107850901820709,degC
a,Full ensemble,25,independent climate-model mean,16,NEU,N.Europe,CMCC-ESM2,1.0877738087730944,degC
a,Full ensemble,25,independent climate-model mean,16,NEU,N.Europe,CNRM-CM6-1,1.781942299348738,degC
a,Full ensemble,25,independent climate-model mean,16,NEU,N.Europe,CNRM-ESM2-1,1.6203357741900657,degC
a,Full ensemble,25,independent climate-model mean,16,NEU,N.Europe,CanESM5,2.9070139243718947,degC
a,Full ensemble,25,independent climate-model mean,16,NEU,N.Europe,EC-Earth3-Veg,4.7808568552208115,degC
a,Full ensemble,25,independent climate-model mean,16,NEU,N.Europe,FGOALS-g3,1.5118705330142204,degC
a,Full ensemble,25,independent climate-model mean,16,NEU,N.Europe,GFDL-CM4,2.352015254618659,degC
a,Full ensemble,25,independent climate-model mean,16,NEU,N.Europe,GFDL-ESM4,0.3823822369192367,degC
a,Full ensemble,25,independent climate-model mean,16,NEU,N.Europe,HadGEM3-GC31-LL,2.3590049949715235,degC
a,Full ensemble,25,independent climate-model mean,16,NEU,N.Europe,INM-CM4-8,0.980024714781466,degC
a,Full ensemble,25,independent climate-model mean,16,NEU,N.Europe,INM-CM5-0,1.5499268014551413,degC
a,Full ensemble,25,independent climate-model mean,16,NEU,N.Europe,IPSL-CM6A-LR,1.8181019713202944,degC
a,Full ensemble,25,independent climate-model mean,16,NEU,N.Europe,MIROC-ES2L,1.8052525785745595,degC
a,Full ensemble,25,independent climate-model mean,16,NEU,N.Europe,MIROC6,1.4394870663602934,degC
a,Full ensemble,25,independent climate-model mean,16,NEU,N.Europe,MPI-ESM1-2-HR,2.003882306622656,degC
a,Full ensemble,25,independent climate-model mean,16,NEU,N.Europe,MPI-ESM1-2-LR,2.068309827987527,degC
a,Full ensemble,25,independent climate-model mean,16,NEU,N.Europe,MRI-ESM2-0,1.692661461809232,degC
a,Full ensemble,25,independent climate-model mean,16,NEU,N.Europe,NESM3,3.972717643204257,degC
a,Full ensemble,25,independent climate-model mean,16,NEU,N.Europe,NorESM2-LM,1.1963550479811749,degC
a,Full ensemble,25,independent climate-model mean,16,NEU,N.Europe,NorESM2-MM,1.1177410541767903,degC
a,Full ensemble,25,independent climate-model mean,16,NEU,N.Europe,UKESM1-0-LL,1.9042969634088578,degC
a,Full ensemble,25,independent climate-model mean,17,WCE,West&Central-Europe,ACCESS-CM2,1.707628094326839,degC
a,Full ensemble,25,independent climate-model mean,17,WCE,West&Central-Europe,ACCESS-ESM1-5,1.7021332720813789,degC
a,Full ensemble,25,independent climate-model mean,17,WCE,West&Central-Europe,BCC-CSM2-MR,1.7211768540713162,degC
a,Full ensemble,25,independent climate-model mean,17,WCE,West&Central-Europe,CESM2,1.446456457359845,degC
a,Full ensemble,25,independent climate-model mean,17,WCE,West&Central-Europe,CMCC-ESM2,1.42588602058938,degC
a,Full ensemble,25,independent climate-model mean,17,WCE,West&Central-Europe,CNRM-CM6-1,1.7193989732557675,degC
a,Full ensemble,25,independent climate-model mean,17,WCE,West&Central-Europe,CNRM-ESM2-1,1.4658365026657747,degC
a,Full ensemble,25,independent climate-model mean,17,WCE,West&Central-Europe,CanESM5,2.6589365458333,degC
a,Full ensemble,25,independent climate-model mean,17,WCE,West&Central-Europe,EC-Earth3-Veg,2.7434831764714547,degC
a,Full ensemble,25,independent climate-model mean,17,WCE,West&Central-Europe,FGOALS-g3,1.3438198194251358,degC
a,Full ensemble,25,independent climate-model mean,17,WCE,West&Central-Europe,GFDL-CM4,1.7144776033475115,degC
a,Full ensemble,25,independent climate-model mean,17,WCE,West&Central-Europe,GFDL-ESM4,0.7646335843724881,degC
a,Full ensemble,25,independent climate-model mean,17,WCE,West&Central-Europe,HadGEM3-GC31-LL,2.1473746731879753,degC
a,Full ensemble,25,independent climate-model mean,17,WCE,West&Central-Europe,INM-CM4-8,1.2054507524081093,degC
a,Full ensemble,25,independent climate-model mean,17,WCE,West&Central-Europe,INM-CM5-0,1.8007281391679064,degC
a,Full ensemble,25,independent climate-model mean,17,WCE,West&Central-Europe,IPSL-CM6A-LR,2.0217742363705162,degC
a,Full ensemble,25,independent climate-model mean,17,WCE,West&Central-Europe,MIROC-ES2L,1.5902527274952307,degC
a,Full ensemble,25,independent climate-model mean,17,WCE,West&Central-Europe,MIROC6,1.4545309525708017,degC
a,Full ensemble,25,independent climate-model mean,17,WCE,West&Central-Europe,MPI-ESM1-2-HR,1.2860043507545413,degC
a,Full ensemble,25,independent climate-model mean,17,WCE,West&Central-Europe,MPI-ESM1-2-LR,1.6061718351874692,degC
a,Full ensemble,25,independent climate-model mean,17,WCE,West&Central-Europe,MRI-ESM2-0,1.4812527783445308,degC
a,Full ensemble,25,independent climate-model mean,17,WCE,West&Central-Europe,NESM3,2.158003946630642,degC
a,Full ensemble,25,independent climate-model mean,17,WCE,West&Central-Europe,NorESM2-LM,1.7221472548742376,degC
a,Full ensemble,25,independent climate-model mean,17,WCE,West&Central-Europe,NorESM2-MM,1.2134534830121746,degC
a,Full ensemble,25,independent climate-model mean,17,WCE,West&Central-Europe,UKESM1-0-LL,1.8731234471260243,degC
a,Full ensemble,25,independent climate-model mean,18,EEU,E.Europe,ACCESS-CM2,1.5759697675745614,degC
a,Full ensemble,25,independent climate-model mean,18,EEU,E.Europe,ACCESS-ESM1-5,1.9739699521492107,degC
a,Full ensemble,25,independent climate-model mean,18,EEU,E.Europe,BCC-CSM2-MR,2.3558483098544056,degC
a,Full ensemble,25,independent climate-model mean,18,EEU,E.Europe,CESM2,1.9267031845585667,degC
a,Full ensemble,25,independent climate-model mean,18,EEU,E.Europe,CMCC-ESM2,2.043887246333043,degC
a,Full ensemble,25,independent climate-model mean,18,EEU,E.Europe,CNRM-CM6-1,2.1301745953898754,degC
a,Full ensemble,25,independent climate-model mean,18,EEU,E.Europe,CNRM-ESM2-1,1.8003590556575275,degC
a,Full ensemble,25,independent climate-model mean,18,EEU,E.Europe,CanESM5,3.0152459220486074,degC
a,Full ensemble,25,independent climate-model mean,18,EEU,E.Europe,EC-Earth3-Veg,3.2113515593276554,degC
a,Full ensemble,25,independent climate-model mean,18,EEU,E.Europe,FGOALS-g3,1.5647800589246523,degC
a,Full ensemble,25,independent climate-model mean,18,EEU,E.Europe,GFDL-CM4,2.213466950717948,degC
a,Full ensemble,25,independent climate-model mean,18,EEU,E.Europe,GFDL-ESM4,0.8949084770096984,degC
a,Full ensemble,25,independent climate-model mean,18,EEU,E.Europe,HadGEM3-GC31-LL,2.135149091785232,degC
a,Full ensemble,25,independent climate-model mean,18,EEU,E.Europe,INM-CM4-8,2.0346666089907166,degC
a,Full ensemble,25,independent climate-model mean,18,EEU,E.Europe,INM-CM5-0,1.7605129726780835,degC
a,Full ensemble,25,independent climate-model mean,18,EEU,E.Europe,IPSL-CM6A-LR,2.5296526553956182,degC
a,Full ensemble,25,independent climate-model mean,18,EEU,E.Europe,MIROC-ES2L,1.6940032055900645,degC
a,Full ensemble,25,independent climate-model mean,18,EEU,E.Europe,MIROC6,1.8620511224815963,degC
a,Full ensemble,25,independent climate-model mean,18,EEU,E.Europe,MPI-ESM1-2-HR,1.5684220036213454,degC
a,Full ensemble,25,independent climate-model mean,18,EEU,E.Europe,MPI-ESM1-2-LR,2.1393602231727558,degC
a,Full ensemble,25,independent climate-model mean,18,EEU,E.Europe,MRI-ESM2-0,1.5964122377245864,degC
a,Full ensemble,25,independent climate-model mean,18,EEU,E.Europe,NESM3,2.8914616191684614,degC
a,Full ensemble,25,independent climate-model mean,18,EEU,E.Europe,NorESM2-LM,1.9752905001908563,degC
a,Full ensemble,25,independent climate-model mean,18,EEU,E.Europe,NorESM2-MM,1.5376853821070422,degC
a,Full ensemble,25,independent climate-model mean,18,EEU,E.Europe,UKESM1-0-LL,2.038640849630148,degC
a,Full ensemble,25,independent climate-model mean,19,MED,Mediterranean,ACCESS-CM2,1.5002551016063868,degC
a,Full ensemble,25,independent climate-model mean,19,MED,Mediterranean,ACCESS-ESM1-5,1.4268283588332218,degC
a,Full ensemble,25,independent climate-model mean,19,MED,Mediterranean,BCC-CSM2-MR,1.2758686295586972,degC
a,Full ensemble,25,independent climate-model mean,19,MED,Mediterranean,CESM2,1.2597664072134147,degC
a,Full ensemble,25,independent climate-model mean,19,MED,Mediterranean,CMCC-ESM2,1.7691753554033351,degC
a,Full ensemble,25,independent climate-model mean,19,MED,Mediterranean,CNRM-CM6-1,1.2759750141467554,degC
a,Full ensemble,25,independent climate-model mean,19,MED,Mediterranean,CNRM-ESM2-1,0.8997640955967807,degC
a,Full ensemble,25,independent climate-model mean,19,MED,Mediterranean,CanESM5,2.346737713551816,degC
a,Full ensemble,25,independent climate-model mean,19,MED,Mediterranean,EC-Earth3-Veg,2.1107374296570707,degC
a,Full ensemble,25,independent climate-model mean,19,MED,Mediterranean,FGOALS-g3,1.3461670423896452,degC
a,Full ensemble,25,independent climate-model mean,19,MED,Mediterranean,GFDL-CM4,1.3537957555170463,degC
a,Full ensemble,25,independent climate-model mean,19,MED,Mediterranean,GFDL-ESM4,1.1079144016289102,degC
a,Full ensemble,25,independent climate-model mean,19,MED,Mediterranean,HadGEM3-GC31-LL,1.5675510847171745,degC
a,Full ensemble,25,independent climate-model mean,19,MED,Mediterranean,INM-CM4-8,1.1525295467501242,degC
a,Full ensemble,25,independent climate-model mean,19,MED,Mediterranean,INM-CM5-0,1.4306519151295523,degC
a,Full ensemble,25,independent climate-model mean,19,MED,Mediterranean,IPSL-CM6A-LR,1.7858113068699162,degC
a,Full ensemble,25,independent climate-model mean,19,MED,Mediterranean,MIROC-ES2L,1.3034801963345146,degC
a,Full ensemble,25,independent climate-model mean,19,MED,Mediterranean,MIROC6,1.1609125853466513,degC
a,Full ensemble,25,independent climate-model mean,19,MED,Mediterranean,MPI-ESM1-2-HR,1.509198865566448,degC
a,Full ensemble,25,independent climate-model mean,19,MED,Mediterranean,MPI-ESM1-2-LR,1.4488311261420699,degC
a,Full ensemble,25,independent climate-model mean,19,MED,Mediterranean,MRI-ESM2-0,1.3585593922948633,degC
a,Full ensemble,25,independent climate-model mean,19,MED,Mediterranean,NESM3,1.9218217039692291,degC
a,Full ensemble,25,independent climate-model mean,19,MED,Mediterranean,NorESM2-LM,1.4103440549148334,degC
a,Full ensemble,25,independent climate-model mean,19,MED,Mediterranean,NorESM2-MM,1.2148022286929154,degC
a,Full ensemble,25,independent climate-model mean,19,MED,Mediterranean,UKESM1-0-LL,1.390164422259322,degC
a,Full ensemble,25,independent climate-model mean,20,SAH,Sahara,ACCESS-CM2,1.8410633638986489,degC
a,Full ensemble,25,independent climate-model mean,20,SAH,Sahara,ACCESS-ESM1-5,1.8433589762118014,degC
a,Full ensemble,25,independent climate-model mean,20,SAH,Sahara,BCC-CSM2-MR,1.6582571843902834,degC
a,Full ensemble,25,independent climate-model mean,20,SAH,Sahara,CESM2,1.7776591464984122,degC
a,Full ensemble,25,independent climate-model mean,20,SAH,Sahara,CMCC-ESM2,2.1722137720612533,degC
a,Full ensemble,25,independent climate-model mean,20,SAH,Sahara,CNRM-CM6-1,1.4215777408199044,degC
a,Full ensemble,25,independent climate-model mean,20,SAH,Sahara,CNRM-ESM2-1,1.3127322462414135,degC
a,Full ensemble,25,independent climate-model mean,20,SAH,Sahara,CanESM5,2.819727644616217,degC
a,Full ensemble,25,independent climate-model mean,20,SAH,Sahara,EC-Earth3-Veg,2.4306861700499844,degC
a,Full ensemble,25,independent climate-model mean,20,SAH,Sahara,FGOALS-g3,1.7473510866700193,degC
a,Full ensemble,25,independent climate-model mean,20,SAH,Sahara,GFDL-CM4,1.7105411601493459,degC
a,Full ensemble,25,independent climate-model mean,20,SAH,Sahara,GFDL-ESM4,1.5148601259497663,degC
a,Full ensemble,25,independent climate-model mean,20,SAH,Sahara,HadGEM3-GC31-LL,1.8420862293444213,degC
a,Full ensemble,25,independent climate-model mean,20,SAH,Sahara,INM-CM4-8,1.5792032428559704,degC
a,Full ensemble,25,independent climate-model mean,20,SAH,Sahara,INM-CM5-0,1.7070941484972308,degC
a,Full ensemble,25,independent climate-model mean,20,SAH,Sahara,IPSL-CM6A-LR,2.0523961076173562,degC
a,Full ensemble,25,independent climate-model mean,20,SAH,Sahara,MIROC-ES2L,1.659663755393376,degC
a,Full ensemble,25,independent climate-model mean,20,SAH,Sahara,MIROC6,1.4325231505786848,degC
a,Full ensemble,25,independent climate-model mean,20,SAH,Sahara,MPI-ESM1-2-HR,1.8074421920070989,degC
a,Full ensemble,25,independent climate-model mean,20,SAH,Sahara,MPI-ESM1-2-LR,1.6920788875010289,degC
a,Full ensemble,25,independent climate-model mean,20,SAH,Sahara,MRI-ESM2-0,1.5663137318618785,degC
a,Full ensemble,25,independent climate-model mean,20,SAH,Sahara,NESM3,1.946350477666685,degC
a,Full ensemble,25,independent climate-model mean,20,SAH,Sahara,NorESM2-LM,1.4769207393391135,degC
a,Full ensemble,25,independent climate-model mean,20,SAH,Sahara,NorESM2-MM,1.5875350365463323,degC
a,Full ensemble,25,independent climate-model mean,20,SAH,Sahara,UKESM1-0-LL,1.7582053362711392,degC
a,Full ensemble,25,independent climate-model mean,21,WAF,Western-Africa,ACCESS-CM2,1.3079382352870446,degC
a,Full ensemble,25,independent climate-model mean,21,WAF,Western-Africa,ACCESS-ESM1-5,1.2944036266949415,degC
a,Full ensemble,25,independent climate-model mean,21,WAF,Western-Africa,BCC-CSM2-MR,1.1008108741195974,degC
a,Full ensemble,25,independent climate-model mean,21,WAF,Western-Africa,CESM2,1.3873563676613245,degC
a,Full ensemble,25,independent climate-model mean,21,WAF,Western-Africa,CMCC-ESM2,1.3857497043069293,degC
a,Full ensemble,25,independent climate-model mean,21,WAF,Western-Africa,CNRM-CM6-1,0.9244352321261011,degC
a,Full ensemble,25,independent climate-model mean,21,WAF,Western-Africa,CNRM-ESM2-1,0.996031066455562,degC
a,Full ensemble,25,independent climate-model mean,21,WAF,Western-Africa,CanESM5,1.7592316862227957,degC
a,Full ensemble,25,independent climate-model mean,21,WAF,Western-Africa,EC-Earth3-Veg,1.4051597863876313,degC
a,Full ensemble,25,independent climate-model mean,21,WAF,Western-Africa,FGOALS-g3,1.5264903993960108,degC
a,Full ensemble,25,independent climate-model mean,21,WAF,Western-Africa,GFDL-CM4,0.8771902696519547,degC
a,Full ensemble,25,independent climate-model mean,21,WAF,Western-Africa,GFDL-ESM4,1.3040311699417773,degC
a,Full ensemble,25,independent climate-model mean,21,WAF,Western-Africa,HadGEM3-GC31-LL,0.9445295357775236,degC
a,Full ensemble,25,independent climate-model mean,21,WAF,Western-Africa,INM-CM4-8,1.2573556620203483,degC
a,Full ensemble,25,independent climate-model mean,21,WAF,Western-Africa,INM-CM5-0,1.0960121548075032,degC
a,Full ensemble,25,independent climate-model mean,21,WAF,Western-Africa,IPSL-CM6A-LR,1.6171167117773408,degC
a,Full ensemble,25,independent climate-model mean,21,WAF,Western-Africa,MIROC-ES2L,1.3195394405451757,degC
a,Full ensemble,25,independent climate-model mean,21,WAF,Western-Africa,MIROC6,1.0476940693069616,degC
a,Full ensemble,25,independent climate-model mean,21,WAF,Western-Africa,MPI-ESM1-2-HR,0.8926373034716384,degC
a,Full ensemble,25,independent climate-model mean,21,WAF,Western-Africa,MPI-ESM1-2-LR,0.8802228737195434,degC
a,Full ensemble,25,independent climate-model mean,21,WAF,Western-Africa,MRI-ESM2-0,1.0493488093733983,degC
a,Full ensemble,25,independent climate-model mean,21,WAF,Western-Africa,NESM3,0.7558693988171015,degC
a,Full ensemble,25,independent climate-model mean,21,WAF,Western-Africa,NorESM2-LM,0.9812939778911776,degC
a,Full ensemble,25,independent climate-model mean,21,WAF,Western-Africa,NorESM2-MM,1.2040371506303962,degC
a,Full ensemble,25,independent climate-model mean,21,WAF,Western-Africa,UKESM1-0-LL,1.2617894014907036,degC
a,Full ensemble,25,independent climate-model mean,22,CAF,Central-Africa,ACCESS-CM2,1.4497071607887704,degC
a,Full ensemble,25,independent climate-model mean,22,CAF,Central-Africa,ACCESS-ESM1-5,1.3592576395497162,degC
a,Full ensemble,25,independent climate-model mean,22,CAF,Central-Africa,BCC-CSM2-MR,1.043157475511707,degC
a,Full ensemble,25,independent climate-model mean,22,CAF,Central-Africa,CESM2,1.14099130518356,degC
a,Full ensemble,25,independent climate-model mean,22,CAF,Central-Africa,CMCC-ESM2,1.1145369694808318,degC
a,Full ensemble,25,independent climate-model mean,22,CAF,Central-Africa,CNRM-CM6-1,1.0080296632869372,degC
a,Full ensemble,25,independent climate-model mean,22,CAF,Central-Africa,CNRM-ESM2-1,1.0019708028826961,degC
a,Full ensemble,25,independent climate-model mean,22,CAF,Central-Africa,CanESM5,2.0559022594539482,degC
a,Full ensemble,25,independent climate-model mean,22,CAF,Central-Africa,EC-Earth3-Veg,1.0580683011131284,degC
a,Full ensemble,25,independent climate-model mean,22,CAF,Central-Africa,FGOALS-g3,1.3750564624602195,degC
a,Full ensemble,25,independent climate-model mean,22,CAF,Central-Africa,GFDL-CM4,1.142861036609248,degC
a,Full ensemble,25,independent climate-model mean,22,CAF,Central-Africa,GFDL-ESM4,1.3795804006639867,degC
a,Full ensemble,25,independent climate-model mean,22,CAF,Central-Africa,HadGEM3-GC31-LL,1.4330108722100037,degC
a,Full ensemble,25,independent climate-model mean,22,CAF,Central-Africa,INM-CM4-8,1.3143959654603183,degC
a,Full ensemble,25,independent climate-model mean,22,CAF,Central-Africa,INM-CM5-0,1.1298519872255945,degC
a,Full ensemble,25,independent climate-model mean,22,CAF,Central-Africa,IPSL-CM6A-LR,1.6262278222667486,degC
a,Full ensemble,25,independent climate-model mean,22,CAF,Central-Africa,MIROC-ES2L,1.0165484113958105,degC
a,Full ensemble,25,independent climate-model mean,22,CAF,Central-Africa,MIROC6,1.0534529588457204,degC
a,Full ensemble,25,independent climate-model mean,22,CAF,Central-Africa,MPI-ESM1-2-HR,0.525478643922616,degC
a,Full ensemble,25,independent climate-model mean,22,CAF,Central-Africa,MPI-ESM1-2-LR,0.8278755218053531,degC
a,Full ensemble,25,independent climate-model mean,22,CAF,Central-Africa,MRI-ESM2-0,1.0514829514864763,degC
a,Full ensemble,25,independent climate-model mean,22,CAF,Central-Africa,NESM3,0.5060140852031031,degC
a,Full ensemble,25,independent climate-model mean,22,CAF,Central-Africa,NorESM2-LM,0.8407607118162428,degC
a,Full ensemble,25,independent climate-model mean,22,CAF,Central-Africa,NorESM2-MM,0.9956670122493421,degC
a,Full ensemble,25,independent climate-model mean,22,CAF,Central-Africa,UKESM1-0-LL,1.4564063732612402,degC
a,Full ensemble,25,independent climate-model mean,23,NEAF,N.Eastern-Africa,ACCESS-CM2,1.3842120782659086,degC
a,Full ensemble,25,independent climate-model mean,23,NEAF,N.Eastern-Africa,ACCESS-ESM1-5,1.2539012567538448,degC
a,Full ensemble,25,independent climate-model mean,23,NEAF,N.Eastern-Africa,BCC-CSM2-MR,1.0460149205900708,degC
a,Full ensemble,25,independent climate-model mean,23,NEAF,N.Eastern-Africa,CESM2,1.0915066618488862,degC
a,Full ensemble,25,independent climate-model mean,23,NEAF,N.Eastern-Africa,CMCC-ESM2,0.8451346752088579,degC
a,Full ensemble,25,independent climate-model mean,23,NEAF,N.Eastern-Africa,CNRM-CM6-1,1.170168475727012,degC
a,Full ensemble,25,independent climate-model mean,23,NEAF,N.Eastern-Africa,CNRM-ESM2-1,1.0778268720382158,degC
a,Full ensemble,25,independent climate-model mean,23,NEAF,N.Eastern-Africa,CanESM5,2.111930306304802,degC
a,Full ensemble,25,independent climate-model mean,23,NEAF,N.Eastern-Africa,EC-Earth3-Veg,1.3113504595124432,degC
a,Full ensemble,25,independent climate-model mean,23,NEAF,N.Eastern-Africa,FGOALS-g3,1.5404062992308059,degC
a,Full ensemble,25,independent climate-model mean,23,NEAF,N.Eastern-Africa,GFDL-CM4,1.0989351847465858,degC
a,Full ensemble,25,independent climate-model mean,23,NEAF,N.Eastern-Africa,GFDL-ESM4,1.4634011662565323,degC
a,Full ensemble,25,independent climate-model mean,23,NEAF,N.Eastern-Africa,HadGEM3-GC31-LL,1.1871630239377886,degC
a,Full ensemble,25,independent climate-model mean,23,NEAF,N.Eastern-Africa,INM-CM4-8,1.339461403527318,degC
a,Full ensemble,25,independent climate-model mean,23,NEAF,N.Eastern-Africa,INM-CM5-0,1.1912032640349277,degC
a,Full ensemble,25,independent climate-model mean,23,NEAF,N.Eastern-Africa,IPSL-CM6A-LR,1.5909446741331268,degC
a,Full ensemble,25,independent climate-model mean,23,NEAF,N.Eastern-Africa,MIROC-ES2L,1.128316056958892,degC
a,Full ensemble,25,independent climate-model mean,23,NEAF,N.Eastern-Africa,MIROC6,0.9696182754030185,degC
a,Full ensemble,25,independent climate-model mean,23,NEAF,N.Eastern-Africa,MPI-ESM1-2-HR,1.1372237541527594,degC
a,Full ensemble,25,independent climate-model mean,23,NEAF,N.Eastern-Africa,MPI-ESM1-2-LR,1.3865048698803928,degC
a,Full ensemble,25,independent climate-model mean,23,NEAF,N.Eastern-Africa,MRI-ESM2-0,1.0979549159003625,degC
a,Full ensemble,25,independent climate-model mean,23,NEAF,N.Eastern-Africa,NESM3,1.159849551558838,degC
a,Full ensemble,25,independent climate-model mean,23,NEAF,N.Eastern-Africa,NorESM2-LM,1.05298538960028,degC
a,Full ensemble,25,independent climate-model mean,23,NEAF,N.Eastern-Africa,NorESM2-MM,1.3048191609195148,degC
a,Full ensemble,25,independent climate-model mean,23,NEAF,N.Eastern-Africa,UKESM1-0-LL,1.3156652911800892,degC
a,Full ensemble,25,independent climate-model mean,24,SEAF,S.Eastern-Africa,ACCESS-CM2,1.3391669165277331,degC
a,Full ensemble,25,independent climate-model mean,24,SEAF,S.Eastern-Africa,ACCESS-ESM1-5,1.2006932320641441,degC
a,Full ensemble,25,independent climate-model mean,24,SEAF,S.Eastern-Africa,BCC-CSM2-MR,1.1561098824159306,degC
a,Full ensemble,25,independent climate-model mean,24,SEAF,S.Eastern-Africa,CESM2,1.1296205156926953,degC
a,Full ensemble,25,independent climate-model mean,24,SEAF,S.Eastern-Africa,CMCC-ESM2,1.0476020405334086,degC
a,Full ensemble,25,independent climate-model mean,24,SEAF,S.Eastern-Africa,CNRM-CM6-1,1.0998589631135451,degC
a,Full ensemble,25,independent climate-model mean,24,SEAF,S.Eastern-Africa,CNRM-ESM2-1,1.0146999992841423,degC
a,Full ensemble,25,independent climate-model mean,24,SEAF,S.Eastern-Africa,CanESM5,1.9367274796444423,degC
a,Full ensemble,25,independent climate-model mean,24,SEAF,S.Eastern-Africa,EC-Earth3-Veg,1.1518892012436797,degC
a,Full ensemble,25,independent climate-model mean,24,SEAF,S.Eastern-Africa,FGOALS-g3,1.3323416132313421,degC
a,Full ensemble,25,independent climate-model mean,24,SEAF,S.Eastern-Africa,GFDL-CM4,1.0012573021723012,degC
a,Full ensemble,25,independent climate-model mean,24,SEAF,S.Eastern-Africa,GFDL-ESM4,1.4737279897137465,degC
a,Full ensemble,25,independent climate-model mean,24,SEAF,S.Eastern-Africa,HadGEM3-GC31-LL,1.1466421421200623,degC
a,Full ensemble,25,independent climate-model mean,24,SEAF,S.Eastern-Africa,INM-CM4-8,1.2408548963193822,degC
a,Full ensemble,25,independent climate-model mean,24,SEAF,S.Eastern-Africa,INM-CM5-0,1.114871674215459,degC
a,Full ensemble,25,independent climate-model mean,24,SEAF,S.Eastern-Africa,IPSL-CM6A-LR,1.5256536562311758,degC
a,Full ensemble,25,independent climate-model mean,24,SEAF,S.Eastern-Africa,MIROC-ES2L,1.0815895417322474,degC
a,Full ensemble,25,independent climate-model mean,24,SEAF,S.Eastern-Africa,MIROC6,1.1010042298516145,degC
a,Full ensemble,25,independent climate-model mean,24,SEAF,S.Eastern-Africa,MPI-ESM1-2-HR,1.0567838372278313,degC
a,Full ensemble,25,independent climate-model mean,24,SEAF,S.Eastern-Africa,MPI-ESM1-2-LR,1.18984127505476,degC
a,Full ensemble,25,independent climate-model mean,24,SEAF,S.Eastern-Africa,MRI-ESM2-0,1.0506131825717442,degC
a,Full ensemble,25,independent climate-model mean,24,SEAF,S.Eastern-Africa,NESM3,1.0132083580607933,degC
a,Full ensemble,25,independent climate-model mean,24,SEAF,S.Eastern-Africa,NorESM2-LM,0.8697732989826521,degC
a,Full ensemble,25,independent climate-model mean,24,SEAF,S.Eastern-Africa,NorESM2-MM,0.9447680387154946,degC
a,Full ensemble,25,independent climate-model mean,24,SEAF,S.Eastern-Africa,UKESM1-0-LL,1.353299430595043,degC
a,Full ensemble,25,independent climate-model mean,25,WSAF,W.Southern-Africa,ACCESS-CM2,1.3866038366327174,degC
a,Full ensemble,25,independent climate-model mean,25,WSAF,W.Southern-Africa,ACCESS-ESM1-5,1.3405228951598926,degC
a,Full ensemble,25,independent climate-model mean,25,WSAF,W.Southern-Africa,BCC-CSM2-MR,1.1542616350181754,degC
a,Full ensemble,25,independent climate-model mean,25,WSAF,W.Southern-Africa,CESM2,1.366568538134548,degC
a,Full ensemble,25,independent climate-model mean,25,WSAF,W.Southern-Africa,CMCC-ESM2,1.4548105156110793,degC
a,Full ensemble,25,independent climate-model mean,25,WSAF,W.Southern-Africa,CNRM-CM6-1,1.33144688187854,degC
a,Full ensemble,25,independent climate-model mean,25,WSAF,W.Southern-Africa,CNRM-ESM2-1,1.1481328344149246,degC
a,Full ensemble,25,independent climate-model mean,25,WSAF,W.Southern-Africa,CanESM5,2.1434293125490367,degC
a,Full ensemble,25,independent climate-model mean,25,WSAF,W.Southern-Africa,EC-Earth3-Veg,1.5329276965869039,degC
a,Full ensemble,25,independent climate-model mean,25,WSAF,W.Southern-Africa,FGOALS-g3,1.4938079336505012,degC
a,Full ensemble,25,independent climate-model mean,25,WSAF,W.Southern-Africa,GFDL-CM4,1.326608703213769,degC
a,Full ensemble,25,independent climate-model mean,25,WSAF,W.Southern-Africa,GFDL-ESM4,1.3916978777851927,degC
a,Full ensemble,25,independent climate-model mean,25,WSAF,W.Southern-Africa,HadGEM3-GC31-LL,1.4178290640854727,degC
a,Full ensemble,25,independent climate-model mean,25,WSAF,W.Southern-Africa,INM-CM4-8,1.5411180884141475,degC
a,Full ensemble,25,independent climate-model mean,25,WSAF,W.Southern-Africa,INM-CM5-0,1.2720380478202913,degC
a,Full ensemble,25,independent climate-model mean,25,WSAF,W.Southern-Africa,IPSL-CM6A-LR,1.50909248234806,degC
a,Full ensemble,25,independent climate-model mean,25,WSAF,W.Southern-Africa,MIROC-ES2L,1.1204971146534033,degC
a,Full ensemble,25,independent climate-model mean,25,WSAF,W.Southern-Africa,MIROC6,1.1067220860047757,degC
a,Full ensemble,25,independent climate-model mean,25,WSAF,W.Southern-Africa,MPI-ESM1-2-HR,1.2677812875869163,degC
a,Full ensemble,25,independent climate-model mean,25,WSAF,W.Southern-Africa,MPI-ESM1-2-LR,1.28771242115307,degC
a,Full ensemble,25,independent climate-model mean,25,WSAF,W.Southern-Africa,MRI-ESM2-0,1.1052025773543637,degC
a,Full ensemble,25,independent climate-model mean,25,WSAF,W.Southern-Africa,NESM3,1.40744552890949,degC
a,Full ensemble,25,independent climate-model mean,25,WSAF,W.Southern-Africa,NorESM2-LM,1.1430438011352906,degC
a,Full ensemble,25,independent climate-model mean,25,WSAF,W.Southern-Africa,NorESM2-MM,1.0482101928606413,degC
a,Full ensemble,25,independent climate-model mean,25,WSAF,W.Southern-Africa,UKESM1-0-LL,1.4215568953213857,degC
a,Full ensemble,25,independent climate-model mean,26,ESAF,E.Southern-Africa,ACCESS-CM2,1.2532526550420893,degC
a,Full ensemble,25,independent climate-model mean,26,ESAF,E.Southern-Africa,ACCESS-ESM1-5,1.259687314151533,degC
a,Full ensemble,25,independent climate-model mean,26,ESAF,E.Southern-Africa,BCC-CSM2-MR,1.1204241538371327,degC
a,Full ensemble,25,independent climate-model mean,26,ESAF,E.Southern-Africa,CESM2,1.2390039111234379,degC
a,Full ensemble,25,independent climate-model mean,26,ESAF,E.Southern-Africa,CMCC-ESM2,1.1284971076899148,degC
a,Full ensemble,25,independent climate-model mean,26,ESAF,E.Southern-Africa,CNRM-CM6-1,1.2555735916549513,degC
a,Full ensemble,25,independent climate-model mean,26,ESAF,E.Southern-Africa,CNRM-ESM2-1,1.1435143740583613,degC
a,Full ensemble,25,independent climate-model mean,26,ESAF,E.Southern-Africa,CanESM5,2.0213587128155104,degC
a,Full ensemble,25,independent climate-model mean,26,ESAF,E.Southern-Africa,EC-Earth3-Veg,1.473229922480645,degC
a,Full ensemble,25,independent climate-model mean,26,ESAF,E.Southern-Africa,FGOALS-g3,1.4033816874914649,degC
a,Full ensemble,25,independent climate-model mean,26,ESAF,E.Southern-Africa,GFDL-CM4,1.0041449248671055,degC
a,Full ensemble,25,independent climate-model mean,26,ESAF,E.Southern-Africa,GFDL-ESM4,1.3516789506847264,degC
a,Full ensemble,25,independent climate-model mean,26,ESAF,E.Southern-Africa,HadGEM3-GC31-LL,1.1009724336186577,degC
a,Full ensemble,25,independent climate-model mean,26,ESAF,E.Southern-Africa,INM-CM4-8,1.1717206267825904,degC
a,Full ensemble,25,independent climate-model mean,26,ESAF,E.Southern-Africa,INM-CM5-0,1.1170800307731177,degC
a,Full ensemble,25,independent climate-model mean,26,ESAF,E.Southern-Africa,IPSL-CM6A-LR,1.486521385096541,degC
a,Full ensemble,25,independent climate-model mean,26,ESAF,E.Southern-Africa,MIROC-ES2L,1.2616503687225313,degC
a,Full ensemble,25,independent climate-model mean,26,ESAF,E.Southern-Africa,MIROC6,1.164999797084823,degC
a,Full ensemble,25,independent climate-model mean,26,ESAF,E.Southern-Africa,MPI-ESM1-2-HR,1.0495183137865127,degC
a,Full ensemble,25,independent climate-model mean,26,ESAF,E.Southern-Africa,MPI-ESM1-2-LR,1.1815863686558403,degC
a,Full ensemble,25,independent climate-model mean,26,ESAF,E.Southern-Africa,MRI-ESM2-0,0.9283897209971542,degC
a,Full ensemble,25,independent climate-model mean,26,ESAF,E.Southern-Africa,NESM3,1.3422675320080413,degC
a,Full ensemble,25,independent climate-model mean,26,ESAF,E.Southern-Africa,NorESM2-LM,1.0647014007063205,degC
a,Full ensemble,25,independent climate-model mean,26,ESAF,E.Southern-Africa,NorESM2-MM,1.0181482659874317,degC
a,Full ensemble,25,independent climate-model mean,26,ESAF,E.Southern-Africa,UKESM1-0-LL,1.233212338273551,degC
a,Full ensemble,25,independent climate-model mean,27,MDG,Madagascar,ACCESS-CM2,1.0895624536969546,degC
a,Full ensemble,25,independent climate-model mean,27,MDG,Madagascar,ACCESS-ESM1-5,1.0552780253180223,degC
a,Full ensemble,25,independent climate-model mean,27,MDG,Madagascar,BCC-CSM2-MR,0.9075564967018698,degC
a,Full ensemble,25,independent climate-model mean,27,MDG,Madagascar,CESM2,0.9219773354314533,degC
a,Full ensemble,25,independent climate-model mean,27,MDG,Madagascar,CMCC-ESM2,0.9440261332607742,degC
a,Full ensemble,25,independent climate-model mean,27,MDG,Madagascar,CNRM-CM6-1,0.9600694754455248,degC
a,Full ensemble,25,independent climate-model mean,27,MDG,Madagascar,CNRM-ESM2-1,0.801743175520014,degC
a,Full ensemble,25,independent climate-model mean,27,MDG,Madagascar,CanESM5,1.5989647874777169,degC
a,Full ensemble,25,independent climate-model mean,27,MDG,Madagascar,EC-Earth3-Veg,1.1338889512533636,degC
a,Full ensemble,25,independent climate-model mean,27,MDG,Madagascar,FGOALS-g3,1.1548527588708126,degC
a,Full ensemble,25,independent climate-model mean,27,MDG,Madagascar,GFDL-CM4,1.0226699209015706,degC
a,Full ensemble,25,independent climate-model mean,27,MDG,Madagascar,GFDL-ESM4,1.155702596488459,degC
a,Full ensemble,25,independent climate-model mean,27,MDG,Madagascar,HadGEM3-GC31-LL,0.9980410106941198,degC
a,Full ensemble,25,independent climate-model mean,27,MDG,Madagascar,INM-CM4-8,1.0948821696760698,degC
a,Full ensemble,25,independent climate-model mean,27,MDG,Madagascar,INM-CM5-0,0.9611116182692425,degC
a,Full ensemble,25,independent climate-model mean,27,MDG,Madagascar,IPSL-CM6A-LR,1.1855718461694884,degC
a,Full ensemble,25,independent climate-model mean,27,MDG,Madagascar,MIROC-ES2L,0.8990296617164132,degC
a,Full ensemble,25,independent climate-model mean,27,MDG,Madagascar,MIROC6,0.8535198547397471,degC
a,Full ensemble,25,independent climate-model mean,27,MDG,Madagascar,MPI-ESM1-2-HR,1.0548237219544636,degC
a,Full ensemble,25,independent climate-model mean,27,MDG,Madagascar,MPI-ESM1-2-LR,1.031940234363147,degC
a,Full ensemble,25,independent climate-model mean,27,MDG,Madagascar,MRI-ESM2-0,1.0334231409803132,degC
a,Full ensemble,25,independent climate-model mean,27,MDG,Madagascar,NESM3,1.130483277372902,degC
a,Full ensemble,25,independent climate-model mean,27,MDG,Madagascar,NorESM2-LM,0.7254268614685706,degC
a,Full ensemble,25,independent climate-model mean,27,MDG,Madagascar,NorESM2-MM,0.8342902064995631,degC
a,Full ensemble,25,independent climate-model mean,27,MDG,Madagascar,UKESM1-0-LL,0.979684407555605,degC
a,Full ensemble,25,independent climate-model mean,28,RAR,Russian-Arctic,ACCESS-CM2,2.508089668750384,degC
a,Full ensemble,25,independent climate-model mean,28,RAR,Russian-Arctic,ACCESS-ESM1-5,2.9243977684938702,degC
a,Full ensemble,25,independent climate-model mean,28,RAR,Russian-Arctic,BCC-CSM2-MR,2.960162071275882,degC
a,Full ensemble,25,independent climate-model mean,28,RAR,Russian-Arctic,CESM2,3.965159115030623,degC
a,Full ensemble,25,independent climate-model mean,28,RAR,Russian-Arctic,CMCC-ESM2,3.339414636760405,degC
a,Full ensemble,25,independent climate-model mean,28,RAR,Russian-Arctic,CNRM-CM6-1,3.109837345283059,degC
a,Full ensemble,25,independent climate-model mean,28,RAR,Russian-Arctic,CNRM-ESM2-1,2.8988816122380388,degC
a,Full ensemble,25,independent climate-model mean,28,RAR,Russian-Arctic,CanESM5,4.8300597867082455,degC
a,Full ensemble,25,independent climate-model mean,28,RAR,Russian-Arctic,EC-Earth3-Veg,4.885059818556082,degC
a,Full ensemble,25,independent climate-model mean,28,RAR,Russian-Arctic,FGOALS-g3,2.843952958573392,degC
a,Full ensemble,25,independent climate-model mean,28,RAR,Russian-Arctic,GFDL-CM4,2.879608558339331,degC
a,Full ensemble,25,independent climate-model mean,28,RAR,Russian-Arctic,GFDL-ESM4,1.2612055800916324,degC
a,Full ensemble,25,independent climate-model mean,28,RAR,Russian-Arctic,HadGEM3-GC31-LL,3.622586341158942,degC
a,Full ensemble,25,independent climate-model mean,28,RAR,Russian-Arctic,INM-CM4-8,2.627816546388749,degC
a,Full ensemble,25,independent climate-model mean,28,RAR,Russian-Arctic,INM-CM5-0,2.4312698894193243,degC
a,Full ensemble,25,independent climate-model mean,28,RAR,Russian-Arctic,IPSL-CM6A-LR,4.310128002647398,degC
a,Full ensemble,25,independent climate-model mean,28,RAR,Russian-Arctic,MIROC-ES2L,3.010205155986225,degC
a,Full ensemble,25,independent climate-model mean,28,RAR,Russian-Arctic,MIROC6,3.3536555594227537,degC
a,Full ensemble,25,independent climate-model mean,28,RAR,Russian-Arctic,MPI-ESM1-2-HR,2.841345504656649,degC
a,Full ensemble,25,independent climate-model mean,28,RAR,Russian-Arctic,MPI-ESM1-2-LR,3.3137661074321842,degC
a,Full ensemble,25,independent climate-model mean,28,RAR,Russian-Arctic,MRI-ESM2-0,3.2507139309072017,degC
a,Full ensemble,25,independent climate-model mean,28,RAR,Russian-Arctic,NESM3,4.7764952568021775,degC
a,Full ensemble,25,independent climate-model mean,28,RAR,Russian-Arctic,NorESM2-LM,3.6884131046185167,degC
a,Full ensemble,25,independent climate-model mean,28,RAR,Russian-Arctic,NorESM2-MM,2.0931682803926583,degC
a,Full ensemble,25,independent climate-model mean,28,RAR,Russian-Arctic,UKESM1-0-LL,2.5899821812323984,degC
a,Full ensemble,25,independent climate-model mean,29,WSB,W.Siberia,ACCESS-CM2,1.8093787337250955,degC
a,Full ensemble,25,independent climate-model mean,29,WSB,W.Siberia,ACCESS-ESM1-5,2.0850583682484336,degC
a,Full ensemble,25,independent climate-model mean,29,WSB,W.Siberia,BCC-CSM2-MR,2.118290812897343,degC
a,Full ensemble,25,independent climate-model mean,29,WSB,W.Siberia,CESM2,2.276463272826401,degC
a,Full ensemble,25,independent climate-model mean,29,WSB,W.Siberia,CMCC-ESM2,2.4082560124191033,degC
a,Full ensemble,25,independent climate-model mean,29,WSB,W.Siberia,CNRM-CM6-1,2.108891294216293,degC
a,Full ensemble,25,independent climate-model mean,29,WSB,W.Siberia,CNRM-ESM2-1,1.3961645603075408,degC
a,Full ensemble,25,independent climate-model mean,29,WSB,W.Siberia,CanESM5,3.1182801100536572,degC
a,Full ensemble,25,independent climate-model mean,29,WSB,W.Siberia,EC-Earth3-Veg,2.815545983006822,degC
a,Full ensemble,25,independent climate-model mean,29,WSB,W.Siberia,FGOALS-g3,2.1324678874212237,degC
a,Full ensemble,25,independent climate-model mean,29,WSB,W.Siberia,GFDL-CM4,2.5885523468773854,degC
a,Full ensemble,25,independent climate-model mean,29,WSB,W.Siberia,GFDL-ESM4,1.4327866954466126,degC
a,Full ensemble,25,independent climate-model mean,29,WSB,W.Siberia,HadGEM3-GC31-LL,2.2746354433955847,degC
a,Full ensemble,25,independent climate-model mean,29,WSB,W.Siberia,INM-CM4-8,2.1248542853895387,degC
a,Full ensemble,25,independent climate-model mean,29,WSB,W.Siberia,INM-CM5-0,1.5605710867553961,degC
a,Full ensemble,25,independent climate-model mean,29,WSB,W.Siberia,IPSL-CM6A-LR,2.7768128332649105,degC
a,Full ensemble,25,independent climate-model mean,29,WSB,W.Siberia,MIROC-ES2L,1.7250667524613708,degC
a,Full ensemble,25,independent climate-model mean,29,WSB,W.Siberia,MIROC6,1.993316896102422,degC
a,Full ensemble,25,independent climate-model mean,29,WSB,W.Siberia,MPI-ESM1-2-HR,1.6459565600662605,degC
a,Full ensemble,25,independent climate-model mean,29,WSB,W.Siberia,MPI-ESM1-2-LR,2.1441629625816647,degC
a,Full ensemble,25,independent climate-model mean,29,WSB,W.Siberia,MRI-ESM2-0,1.4723594399578825,degC
a,Full ensemble,25,independent climate-model mean,29,WSB,W.Siberia,NESM3,2.86599572628312,degC
a,Full ensemble,25,independent climate-model mean,29,WSB,W.Siberia,NorESM2-LM,1.8230365203702825,degC
a,Full ensemble,25,independent climate-model mean,29,WSB,W.Siberia,NorESM2-MM,1.9029962024096734,degC
a,Full ensemble,25,independent climate-model mean,29,WSB,W.Siberia,UKESM1-0-LL,1.9207548254417213,degC
a,Full ensemble,25,independent climate-model mean,30,ESB,E.Siberia,ACCESS-CM2,2.0641645941960993,degC
a,Full ensemble,25,independent climate-model mean,30,ESB,E.Siberia,ACCESS-ESM1-5,2.0928000877857906,degC
a,Full ensemble,25,independent climate-model mean,30,ESB,E.Siberia,BCC-CSM2-MR,2.0030841206248753,degC
a,Full ensemble,25,independent climate-model mean,30,ESB,E.Siberia,CESM2,2.4306610944243086,degC
a,Full ensemble,25,independent climate-model mean,30,ESB,E.Siberia,CMCC-ESM2,2.567964037216838,degC
a,Full ensemble,25,independent climate-model mean,30,ESB,E.Siberia,CNRM-CM6-1,1.961133307579241,degC
a,Full ensemble,25,independent climate-model mean,30,ESB,E.Siberia,CNRM-ESM2-1,1.4168783411673307,degC
a,Full ensemble,25,independent climate-model mean,30,ESB,E.Siberia,CanESM5,3.069385645936125,degC
a,Full ensemble,25,independent climate-model mean,30,ESB,E.Siberia,EC-Earth3-Veg,2.754750505225817,degC
a,Full ensemble,25,independent climate-model mean,30,ESB,E.Siberia,FGOALS-g3,1.98376600134496,degC
a,Full ensemble,25,independent climate-model mean,30,ESB,E.Siberia,GFDL-CM4,2.1588180567478616,degC
a,Full ensemble,25,independent climate-model mean,30,ESB,E.Siberia,GFDL-ESM4,1.1134393885330751,degC
a,Full ensemble,25,independent climate-model mean,30,ESB,E.Siberia,HadGEM3-GC31-LL,2.232924543296698,degC
a,Full ensemble,25,independent climate-model mean,30,ESB,E.Siberia,INM-CM4-8,1.7858973168605903,degC
a,Full ensemble,25,independent climate-model mean,30,ESB,E.Siberia,INM-CM5-0,1.14276606603453,degC
a,Full ensemble,25,independent climate-model mean,30,ESB,E.Siberia,IPSL-CM6A-LR,2.8612601528959534,degC
a,Full ensemble,25,independent climate-model mean,30,ESB,E.Siberia,MIROC-ES2L,1.893264279663115,degC
a,Full ensemble,25,independent climate-model mean,30,ESB,E.Siberia,MIROC6,1.8161153319226155,degC
a,Full ensemble,25,independent climate-model mean,30,ESB,E.Siberia,MPI-ESM1-2-HR,1.8214734120911895,degC
a,Full ensemble,25,independent climate-model mean,30,ESB,E.Siberia,MPI-ESM1-2-LR,2.101468649451294,degC
a,Full ensemble,25,independent climate-model mean,30,ESB,E.Siberia,MRI-ESM2-0,1.7773616765642,degC
a,Full ensemble,25,independent climate-model mean,30,ESB,E.Siberia,NESM3,2.8267728522916427,degC
a,Full ensemble,25,independent climate-model mean,30,ESB,E.Siberia,NorESM2-LM,2.2812318239959994,degC
a,Full ensemble,25,independent climate-model mean,30,ESB,E.Siberia,NorESM2-MM,1.6475483945316232,degC
a,Full ensemble,25,independent climate-model mean,30,ESB,E.Siberia,UKESM1-0-LL,1.8744384670976562,degC
a,Full ensemble,25,independent climate-model mean,31,RFE,Russian-Far-East,ACCESS-CM2,1.8079644446923875,degC
a,Full ensemble,25,independent climate-model mean,31,RFE,Russian-Far-East,ACCESS-ESM1-5,2.3344795586411466,degC
a,Full ensemble,25,independent climate-model mean,31,RFE,Russian-Far-East,BCC-CSM2-MR,2.689224251580135,degC
a,Full ensemble,25,independent climate-model mean,31,RFE,Russian-Far-East,CESM2,2.1766081315894796,degC
a,Full ensemble,25,independent climate-model mean,31,RFE,Russian-Far-East,CMCC-ESM2,2.99258248457335,degC
a,Full ensemble,25,independent climate-model mean,31,RFE,Russian-Far-East,CNRM-CM6-1,2.390436283425945,degC
a,Full ensemble,25,independent climate-model mean,31,RFE,Russian-Far-East,CNRM-ESM2-1,1.720070643989607,degC
a,Full ensemble,25,independent climate-model mean,31,RFE,Russian-Far-East,CanESM5,2.975138270567582,degC
a,Full ensemble,25,independent climate-model mean,31,RFE,Russian-Far-East,EC-Earth3-Veg,3.3492769953930503,degC
a,Full ensemble,25,independent climate-model mean,31,RFE,Russian-Far-East,FGOALS-g3,2.87281557794649,degC
a,Full ensemble,25,independent climate-model mean,31,RFE,Russian-Far-East,GFDL-CM4,1.8652106108254558,degC
a,Full ensemble,25,independent climate-model mean,31,RFE,Russian-Far-East,GFDL-ESM4,0.7417782605801928,degC
a,Full ensemble,25,independent climate-model mean,31,RFE,Russian-Far-East,HadGEM3-GC31-LL,1.9859343921155503,degC
a,Full ensemble,25,independent climate-model mean,31,RFE,Russian-Far-East,INM-CM4-8,2.432817595960597,degC
a,Full ensemble,25,independent climate-model mean,31,RFE,Russian-Far-East,INM-CM5-0,1.3270323355217775,degC
a,Full ensemble,25,independent climate-model mean,31,RFE,Russian-Far-East,IPSL-CM6A-LR,3.014247970144696,degC
a,Full ensemble,25,independent climate-model mean,31,RFE,Russian-Far-East,MIROC-ES2L,2.1244239611995943,degC
a,Full ensemble,25,independent climate-model mean,31,RFE,Russian-Far-East,MIROC6,1.6984759196170018,degC
a,Full ensemble,25,independent climate-model mean,31,RFE,Russian-Far-East,MPI-ESM1-2-HR,2.171738815331124,degC
a,Full ensemble,25,independent climate-model mean,31,RFE,Russian-Far-East,MPI-ESM1-2-LR,2.152907342264265,degC
a,Full ensemble,25,independent climate-model mean,31,RFE,Russian-Far-East,MRI-ESM2-0,1.9893288875294957,degC
a,Full ensemble,25,independent climate-model mean,31,RFE,Russian-Far-East,NESM3,3.36701866710622,degC
a,Full ensemble,25,independent climate-model mean,31,RFE,Russian-Far-East,NorESM2-LM,2.2162020714271327,degC
a,Full ensemble,25,independent climate-model mean,31,RFE,Russian-Far-East,NorESM2-MM,1.4503308524711067,degC
a,Full ensemble,25,independent climate-model mean,31,RFE,Russian-Far-East,UKESM1-0-LL,1.8199728413548448,degC
a,Full ensemble,25,independent climate-model mean,32,WCA,W.C.Asia,ACCESS-CM2,1.6159621114797211,degC
a,Full ensemble,25,independent climate-model mean,32,WCA,W.C.Asia,ACCESS-ESM1-5,1.527054423987122,degC
a,Full ensemble,25,independent climate-model mean,32,WCA,W.C.Asia,BCC-CSM2-MR,1.6515464092636223,degC
a,Full ensemble,25,independent climate-model mean,32,WCA,W.C.Asia,CESM2,1.4131675172895302,degC
a,Full ensemble,25,independent climate-model mean,32,WCA,W.C.Asia,CMCC-ESM2,1.9624833291152535,degC
a,Full ensemble,25,independent climate-model mean,32,WCA,W.C.Asia,CNRM-CM6-1,1.5885745569935033,degC
a,Full ensemble,25,independent climate-model mean,32,WCA,W.C.Asia,CNRM-ESM2-1,1.2414658792995703,degC
a,Full ensemble,25,independent climate-model mean,32,WCA,W.C.Asia,CanESM5,3.081324856108669,degC
a,Full ensemble,25,independent climate-model mean,32,WCA,W.C.Asia,EC-Earth3-Veg,2.361643573945512,degC
a,Full ensemble,25,independent climate-model mean,32,WCA,W.C.Asia,FGOALS-g3,1.8766182424705744,degC
a,Full ensemble,25,independent climate-model mean,32,WCA,W.C.Asia,GFDL-CM4,1.9213972861635351,degC
a,Full ensemble,25,independent climate-model mean,32,WCA,W.C.Asia,GFDL-ESM4,1.6116271045593897,degC
a,Full ensemble,25,independent climate-model mean,32,WCA,W.C.Asia,HadGEM3-GC31-LL,1.5547387699213362,degC
a,Full ensemble,25,independent climate-model mean,32,WCA,W.C.Asia,INM-CM4-8,1.4590596320984441,degC
a,Full ensemble,25,independent climate-model mean,32,WCA,W.C.Asia,INM-CM5-0,1.7275418773147995,degC
a,Full ensemble,25,independent climate-model mean,32,WCA,W.C.Asia,IPSL-CM6A-LR,2.284958217999211,degC
a,Full ensemble,25,independent climate-model mean,32,WCA,W.C.Asia,MIROC-ES2L,1.3698929468853718,degC
a,Full ensemble,25,independent climate-model mean,32,WCA,W.C.Asia,MIROC6,1.2026143739091046,degC
a,Full ensemble,25,independent climate-model mean,32,WCA,W.C.Asia,MPI-ESM1-2-HR,1.9087801759974035,degC
a,Full ensemble,25,independent climate-model mean,32,WCA,W.C.Asia,MPI-ESM1-2-LR,1.936307852238104,degC
a,Full ensemble,25,independent climate-model mean,32,WCA,W.C.Asia,MRI-ESM2-0,1.352123426621041,degC
a,Full ensemble,25,independent climate-model mean,32,WCA,W.C.Asia,NESM3,2.092543138654501,degC
a,Full ensemble,25,independent climate-model mean,32,WCA,W.C.Asia,NorESM2-LM,1.2208638716271145,degC
a,Full ensemble,25,independent climate-model mean,32,WCA,W.C.Asia,NorESM2-MM,1.5242748838922384,degC
a,Full ensemble,25,independent climate-model mean,32,WCA,W.C.Asia,UKESM1-0-LL,1.695163833838698,degC
a,Full ensemble,25,independent climate-model mean,33,ECA,E.C.Asia,ACCESS-CM2,1.8234206247809965,degC
a,Full ensemble,25,independent climate-model mean,33,ECA,E.C.Asia,ACCESS-ESM1-5,1.8410057088284286,degC
a,Full ensemble,25,independent climate-model mean,33,ECA,E.C.Asia,BCC-CSM2-MR,1.3746010379517668,degC
a,Full ensemble,25,independent climate-model mean,33,ECA,E.C.Asia,CESM2,1.6549974727246486,degC
a,Full ensemble,25,independent climate-model mean,33,ECA,E.C.Asia,CMCC-ESM2,1.9679089929566653,degC
a,Full ensemble,25,independent climate-model mean,33,ECA,E.C.Asia,CNRM-CM6-1,1.7213047224632594,degC
a,Full ensemble,25,independent climate-model mean,33,ECA,E.C.Asia,CNRM-ESM2-1,1.1958291388480808,degC
a,Full ensemble,25,independent climate-model mean,33,ECA,E.C.Asia,CanESM5,3.053485375968317,degC
a,Full ensemble,25,independent climate-model mean,33,ECA,E.C.Asia,EC-Earth3-Veg,1.9406668857492206,degC
a,Full ensemble,25,independent climate-model mean,33,ECA,E.C.Asia,FGOALS-g3,1.755802455124131,degC
a,Full ensemble,25,independent climate-model mean,33,ECA,E.C.Asia,GFDL-CM4,1.9774768029202565,degC
a,Full ensemble,25,independent climate-model mean,33,ECA,E.C.Asia,GFDL-ESM4,1.538288314908396,degC
a,Full ensemble,25,independent climate-model mean,33,ECA,E.C.Asia,HadGEM3-GC31-LL,1.8673722256690752,degC
a,Full ensemble,25,independent climate-model mean,33,ECA,E.C.Asia,INM-CM4-8,1.2998543272361816,degC
a,Full ensemble,25,independent climate-model mean,33,ECA,E.C.Asia,INM-CM5-0,1.5162643871909716,degC
a,Full ensemble,25,independent climate-model mean,33,ECA,E.C.Asia,IPSL-CM6A-LR,2.2346550644770584,degC
a,Full ensemble,25,independent climate-model mean,33,ECA,E.C.Asia,MIROC-ES2L,1.370282592054989,degC
a,Full ensemble,25,independent climate-model mean,33,ECA,E.C.Asia,MIROC6,1.21348743386664,degC
a,Full ensemble,25,independent climate-model mean,33,ECA,E.C.Asia,MPI-ESM1-2-HR,1.8348597906874744,degC
a,Full ensemble,25,independent climate-model mean,33,ECA,E.C.Asia,MPI-ESM1-2-LR,1.8127810792604422,degC
a,Full ensemble,25,independent climate-model mean,33,ECA,E.C.Asia,MRI-ESM2-0,1.2115459955585277,degC
a,Full ensemble,25,independent climate-model mean,33,ECA,E.C.Asia,NESM3,2.0718310457581657,degC
a,Full ensemble,25,independent climate-model mean,33,ECA,E.C.Asia,NorESM2-LM,1.686224244649269,degC
a,Full ensemble,25,independent climate-model mean,33,ECA,E.C.Asia,NorESM2-MM,1.755140545697672,degC
a,Full ensemble,25,independent climate-model mean,33,ECA,E.C.Asia,UKESM1-0-LL,1.4634204099805843,degC
a,Full ensemble,25,independent climate-model mean,34,TIB,Tibetan-Plateau,ACCESS-CM2,1.3708292023811408,degC
a,Full ensemble,25,independent climate-model mean,34,TIB,Tibetan-Plateau,ACCESS-ESM1-5,0.9408938913035098,degC
a,Full ensemble,25,independent climate-model mean,34,TIB,Tibetan-Plateau,BCC-CSM2-MR,1.1661580455636507,degC
a,Full ensemble,25,independent climate-model mean,34,TIB,Tibetan-Plateau,CESM2,2.0972323289559647,degC
a,Full ensemble,25,independent climate-model mean,34,TIB,Tibetan-Plateau,CMCC-ESM2,1.825648763425362,degC
a,Full ensemble,25,independent climate-model mean,34,TIB,Tibetan-Plateau,CNRM-CM6-1,1.3872313715825098,degC
a,Full ensemble,25,independent climate-model mean,34,TIB,Tibetan-Plateau,CNRM-ESM2-1,1.3350278431958358,degC
a,Full ensemble,25,independent climate-model mean,34,TIB,Tibetan-Plateau,CanESM5,5.932136134096581,degC
a,Full ensemble,25,independent climate-model mean,34,TIB,Tibetan-Plateau,EC-Earth3-Veg,1.4170785498434395,degC
a,Full ensemble,25,independent climate-model mean,34,TIB,Tibetan-Plateau,FGOALS-g3,2.099919107402946,degC
a,Full ensemble,25,independent climate-model mean,34,TIB,Tibetan-Plateau,GFDL-CM4,1.5780074260777344,degC
a,Full ensemble,25,independent climate-model mean,34,TIB,Tibetan-Plateau,GFDL-ESM4,1.2087590956713974,degC
a,Full ensemble,25,independent climate-model mean,34,TIB,Tibetan-Plateau,HadGEM3-GC31-LL,1.5711907032089876,degC
a,Full ensemble,25,independent climate-model mean,34,TIB,Tibetan-Plateau,INM-CM4-8,1.3117222940146656,degC
a,Full ensemble,25,independent climate-model mean,34,TIB,Tibetan-Plateau,INM-CM5-0,1.5524205585001194,degC
a,Full ensemble,25,independent climate-model mean,34,TIB,Tibetan-Plateau,IPSL-CM6A-LR,1.5747833175142358,degC
a,Full ensemble,25,independent climate-model mean,34,TIB,Tibetan-Plateau,MIROC-ES2L,1.2915106812862531,degC
a,Full ensemble,25,independent climate-model mean,34,TIB,Tibetan-Plateau,MIROC6,1.171585251147136,degC
a,Full ensemble,25,independent climate-model mean,34,TIB,Tibetan-Plateau,MPI-ESM1-2-HR,1.6699898023539688,degC
a,Full ensemble,25,independent climate-model mean,34,TIB,Tibetan-Plateau,MPI-ESM1-2-LR,1.6084670728779566,degC
a,Full ensemble,25,independent climate-model mean,34,TIB,Tibetan-Plateau,MRI-ESM2-0,1.0920983553302253,degC
a,Full ensemble,25,independent climate-model mean,34,TIB,Tibetan-Plateau,NESM3,1.751728340040885,degC
a,Full ensemble,25,independent climate-model mean,34,TIB,Tibetan-Plateau,NorESM2-LM,1.9764002414005322,degC
a,Full ensemble,25,independent climate-model mean,34,TIB,Tibetan-Plateau,NorESM2-MM,1.651932412939552,degC
a,Full ensemble,25,independent climate-model mean,34,TIB,Tibetan-Plateau,UKESM1-0-LL,1.0853485009550567,degC
a,Full ensemble,25,independent climate-model mean,35,EAS,E.Asia,ACCESS-CM2,1.2687778106754422,degC
a,Full ensemble,25,independent climate-model mean,35,EAS,E.Asia,ACCESS-ESM1-5,0.9933554058505301,degC
a,Full ensemble,25,independent climate-model mean,35,EAS,E.Asia,BCC-CSM2-MR,0.7900526373485774,degC
a,Full ensemble,25,independent climate-model mean,35,EAS,E.Asia,CESM2,0.817148886803138,degC
a,Full ensemble,25,independent climate-model mean,35,EAS,E.Asia,CMCC-ESM2,1.273816013078081,degC
a,Full ensemble,25,independent climate-model mean,35,EAS,E.Asia,CNRM-CM6-1,1.079839993027099,degC
a,Full ensemble,25,independent climate-model mean,35,EAS,E.Asia,CNRM-ESM2-1,0.6554512530662397,degC
a,Full ensemble,25,independent climate-model mean,35,EAS,E.Asia,CanESM5,2.0776509671206944,degC
a,Full ensemble,25,independent climate-model mean,35,EAS,E.Asia,EC-Earth3-Veg,1.2819623806714966,degC
a,Full ensemble,25,independent climate-model mean,35,EAS,E.Asia,FGOALS-g3,1.0813434272047324,degC
a,Full ensemble,25,independent climate-model mean,35,EAS,E.Asia,GFDL-CM4,1.072238274695318,degC
a,Full ensemble,25,independent climate-model mean,35,EAS,E.Asia,GFDL-ESM4,0.6212369788620407,degC
a,Full ensemble,25,independent climate-model mean,35,EAS,E.Asia,HadGEM3-GC31-LL,1.3987475630300636,degC
a,Full ensemble,25,independent climate-model mean,35,EAS,E.Asia,INM-CM4-8,0.8024737112547861,degC
a,Full ensemble,25,independent climate-model mean,35,EAS,E.Asia,INM-CM5-0,0.8695554736682961,degC
a,Full ensemble,25,independent climate-model mean,35,EAS,E.Asia,IPSL-CM6A-LR,1.656699984796597,degC
a,Full ensemble,25,independent climate-model mean,35,EAS,E.Asia,MIROC-ES2L,0.8054200492488887,degC
a,Full ensemble,25,independent climate-model mean,35,EAS,E.Asia,MIROC6,0.7998094884353477,degC
a,Full ensemble,25,independent climate-model mean,35,EAS,E.Asia,MPI-ESM1-2-HR,1.2691466099726685,degC
a,Full ensemble,25,independent climate-model mean,35,EAS,E.Asia,MPI-ESM1-2-LR,1.1030077397513822,degC
a,Full ensemble,25,independent climate-model mean,35,EAS,E.Asia,MRI-ESM2-0,0.8325820414508472,degC
a,Full ensemble,25,independent climate-model mean,35,EAS,E.Asia,NESM3,1.3962864340493908,degC
a,Full ensemble,25,independent climate-model mean,35,EAS,E.Asia,NorESM2-LM,0.8762048948896618,degC
a,Full ensemble,25,independent climate-model mean,35,EAS,E.Asia,NorESM2-MM,0.9465765422573769,degC
a,Full ensemble,25,independent climate-model mean,35,EAS,E.Asia,UKESM1-0-LL,1.2933237798318613,degC
a,Full ensemble,25,independent climate-model mean,36,ARP,Arabian-Peninsula,ACCESS-CM2,1.8921708734742375,degC
a,Full ensemble,25,independent climate-model mean,36,ARP,Arabian-Peninsula,ACCESS-ESM1-5,1.464461211793515,degC
a,Full ensemble,25,independent climate-model mean,36,ARP,Arabian-Peninsula,BCC-CSM2-MR,1.5982648515662194,degC
a,Full ensemble,25,independent climate-model mean,36,ARP,Arabian-Peninsula,CESM2,1.7152106871647088,degC
a,Full ensemble,25,independent climate-model mean,36,ARP,Arabian-Peninsula,CMCC-ESM2,1.8878165175201231,degC
a,Full ensemble,25,independent climate-model mean,36,ARP,Arabian-Peninsula,CNRM-CM6-1,1.4081313603568568,degC
a,Full ensemble,25,independent climate-model mean,36,ARP,Arabian-Peninsula,CNRM-ESM2-1,1.3151221496255423,degC
a,Full ensemble,25,independent climate-model mean,36,ARP,Arabian-Peninsula,CanESM5,2.836246878378074,degC
a,Full ensemble,25,independent climate-model mean,36,ARP,Arabian-Peninsula,EC-Earth3-Veg,2.335366143894287,degC
a,Full ensemble,25,independent climate-model mean,36,ARP,Arabian-Peninsula,FGOALS-g3,1.7711092717253483,degC
a,Full ensemble,25,independent climate-model mean,36,ARP,Arabian-Peninsula,GFDL-CM4,1.8668768553083037,degC
a,Full ensemble,25,independent climate-model mean,36,ARP,Arabian-Peninsula,GFDL-ESM4,1.853866638324135,degC
a,Full ensemble,25,independent climate-model mean,36,ARP,Arabian-Peninsula,HadGEM3-GC31-LL,1.8669532281139873,degC
a,Full ensemble,25,independent climate-model mean,36,ARP,Arabian-Peninsula,INM-CM4-8,1.7073292244819034,degC
a,Full ensemble,25,independent climate-model mean,36,ARP,Arabian-Peninsula,INM-CM5-0,1.727430025400419,degC
a,Full ensemble,25,independent climate-model mean,36,ARP,Arabian-Peninsula,IPSL-CM6A-LR,1.9454815672107522,degC
a,Full ensemble,25,independent climate-model mean,36,ARP,Arabian-Peninsula,MIROC-ES2L,1.6298457772485002,degC
a,Full ensemble,25,independent climate-model mean,36,ARP,Arabian-Peninsula,MIROC6,1.3908490729788956,degC
a,Full ensemble,25,independent climate-model mean,36,ARP,Arabian-Peninsula,MPI-ESM1-2-HR,1.793576957762387,degC
a,Full ensemble,25,independent climate-model mean,36,ARP,Arabian-Peninsula,MPI-ESM1-2-LR,1.7325051738970945,degC
a,Full ensemble,25,independent climate-model mean,36,ARP,Arabian-Peninsula,MRI-ESM2-0,1.442105227458906,degC
a,Full ensemble,25,independent climate-model mean,36,ARP,Arabian-Peninsula,NESM3,1.818299311977611,degC
a,Full ensemble,25,independent climate-model mean,36,ARP,Arabian-Peninsula,NorESM2-LM,1.6270412036473278,degC
a,Full ensemble,25,independent climate-model mean,36,ARP,Arabian-Peninsula,NorESM2-MM,1.7293051397124473,degC
a,Full ensemble,25,independent climate-model mean,36,ARP,Arabian-Peninsula,UKESM1-0-LL,1.7945526037122093,degC
a,Full ensemble,25,independent climate-model mean,37,SAS,S.Asia,ACCESS-CM2,1.2152700083978734,degC
a,Full ensemble,25,independent climate-model mean,37,SAS,S.Asia,ACCESS-ESM1-5,0.8226192075832364,degC
a,Full ensemble,25,independent climate-model mean,37,SAS,S.Asia,BCC-CSM2-MR,0.9047312011432448,degC
a,Full ensemble,25,independent climate-model mean,37,SAS,S.Asia,CESM2,0.521765085481604,degC
a,Full ensemble,25,independent climate-model mean,37,SAS,S.Asia,CMCC-ESM2,0.8266305801870958,degC
a,Full ensemble,25,independent climate-model mean,37,SAS,S.Asia,CNRM-CM6-1,0.7417090286946358,degC
a,Full ensemble,25,independent climate-model mean,37,SAS,S.Asia,CNRM-ESM2-1,0.5586831548879314,degC
a,Full ensemble,25,independent climate-model mean,37,SAS,S.Asia,CanESM5,1.98607745598346,degC
a,Full ensemble,25,independent climate-model mean,37,SAS,S.Asia,EC-Earth3-Veg,0.9740124597038975,degC
a,Full ensemble,25,independent climate-model mean,37,SAS,S.Asia,FGOALS-g3,1.165170470202416,degC
a,Full ensemble,25,independent climate-model mean,37,SAS,S.Asia,GFDL-CM4,1.086653798276066,degC
a,Full ensemble,25,independent climate-model mean,37,SAS,S.Asia,GFDL-ESM4,1.0251075552576723,degC
a,Full ensemble,25,independent climate-model mean,37,SAS,S.Asia,HadGEM3-GC31-LL,1.1467602475375276,degC
a,Full ensemble,25,independent climate-model mean,37,SAS,S.Asia,INM-CM4-8,1.0864006000031934,degC
a,Full ensemble,25,independent climate-model mean,37,SAS,S.Asia,INM-CM5-0,1.1522777996446985,degC
a,Full ensemble,25,independent climate-model mean,37,SAS,S.Asia,IPSL-CM6A-LR,1.521795798202898,degC
a,Full ensemble,25,independent climate-model mean,37,SAS,S.Asia,MIROC-ES2L,1.033355485154215,degC
a,Full ensemble,25,independent climate-model mean,37,SAS,S.Asia,MIROC6,0.7043367579553051,degC
a,Full ensemble,25,independent climate-model mean,37,SAS,S.Asia,MPI-ESM1-2-HR,0.7615296073187995,degC
a,Full ensemble,25,independent climate-model mean,37,SAS,S.Asia,MPI-ESM1-2-LR,0.6992591485207394,degC
a,Full ensemble,25,independent climate-model mean,37,SAS,S.Asia,MRI-ESM2-0,0.7654790246112796,degC
a,Full ensemble,25,independent climate-model mean,37,SAS,S.Asia,NESM3,0.6623712185030712,degC
a,Full ensemble,25,independent climate-model mean,37,SAS,S.Asia,NorESM2-LM,0.7150771924606186,degC
a,Full ensemble,25,independent climate-model mean,37,SAS,S.Asia,NorESM2-MM,0.8809544239217246,degC
a,Full ensemble,25,independent climate-model mean,37,SAS,S.Asia,UKESM1-0-LL,1.114240780229609,degC
a,Full ensemble,25,independent climate-model mean,38,SEA,S.E.Asia,ACCESS-CM2,1.0517601085899773,degC
a,Full ensemble,25,independent climate-model mean,38,SEA,S.E.Asia,ACCESS-ESM1-5,0.9362634237003353,degC
a,Full ensemble,25,independent climate-model mean,38,SEA,S.E.Asia,BCC-CSM2-MR,0.9509795431674508,degC
a,Full ensemble,25,independent climate-model mean,38,SEA,S.E.Asia,CESM2,0.9994859083949941,degC
a,Full ensemble,25,independent climate-model mean,38,SEA,S.E.Asia,CMCC-ESM2,1.0153847129318154,degC
a,Full ensemble,25,independent climate-model mean,38,SEA,S.E.Asia,CNRM-CM6-1,0.9374090409224671,degC
a,Full ensemble,25,independent climate-model mean,38,SEA,S.E.Asia,CNRM-ESM2-1,0.8287396624761341,degC
a,Full ensemble,25,independent climate-model mean,38,SEA,S.E.Asia,CanESM5,1.6402598008590967,degC
a,Full ensemble,25,independent climate-model mean,38,SEA,S.E.Asia,EC-Earth3-Veg,1.2269086869998387,degC
a,Full ensemble,25,independent climate-model mean,38,SEA,S.E.Asia,FGOALS-g3,1.0240690899233897,degC
a,Full ensemble,25,independent climate-model mean,38,SEA,S.E.Asia,GFDL-CM4,0.9962976079117922,degC
a,Full ensemble,25,independent climate-model mean,38,SEA,S.E.Asia,GFDL-ESM4,1.002473630942575,degC
a,Full ensemble,25,independent climate-model mean,38,SEA,S.E.Asia,HadGEM3-GC31-LL,1.1392145177235398,degC
a,Full ensemble,25,independent climate-model mean,38,SEA,S.E.Asia,INM-CM4-8,0.9778524176069116,degC
a,Full ensemble,25,independent climate-model mean,38,SEA,S.E.Asia,INM-CM5-0,0.8878373612781054,degC
a,Full ensemble,25,independent climate-model mean,38,SEA,S.E.Asia,IPSL-CM6A-LR,1.2642672904166987,degC
a,Full ensemble,25,independent climate-model mean,38,SEA,S.E.Asia,MIROC-ES2L,0.8893835035057862,degC
a,Full ensemble,25,independent climate-model mean,38,SEA,S.E.Asia,MIROC6,0.7898168176175473,degC
a,Full ensemble,25,independent climate-model mean,38,SEA,S.E.Asia,MPI-ESM1-2-HR,0.9506561782130438,degC
a,Full ensemble,25,independent climate-model mean,38,SEA,S.E.Asia,MPI-ESM1-2-LR,0.9113964158963201,degC
a,Full ensemble,25,independent climate-model mean,38,SEA,S.E.Asia,MRI-ESM2-0,0.8776536156104979,degC
a,Full ensemble,25,independent climate-model mean,38,SEA,S.E.Asia,NESM3,1.0266637675534516,degC
a,Full ensemble,25,independent climate-model mean,38,SEA,S.E.Asia,NorESM2-LM,0.7936942166413223,degC
a,Full ensemble,25,independent climate-model mean,38,SEA,S.E.Asia,NorESM2-MM,0.838234113799756,degC
a,Full ensemble,25,independent climate-model mean,38,SEA,S.E.Asia,UKESM1-0-LL,1.1394505632583503,degC
a,Full ensemble,25,independent climate-model mean,39,NAU,N.Australia,ACCESS-CM2,1.1887243764925914,degC
a,Full ensemble,25,independent climate-model mean,39,NAU,N.Australia,ACCESS-ESM1-5,1.0439030449360738,degC
a,Full ensemble,25,independent climate-model mean,39,NAU,N.Australia,BCC-CSM2-MR,1.0677372385130217,degC
a,Full ensemble,25,independent climate-model mean,39,NAU,N.Australia,CESM2,1.0765609443784023,degC
a,Full ensemble,25,independent climate-model mean,39,NAU,N.Australia,CMCC-ESM2,1.1768517601049706,degC
a,Full ensemble,25,independent climate-model mean,39,NAU,N.Australia,CNRM-CM6-1,1.0772028835715601,degC
a,Full ensemble,25,independent climate-model mean,39,NAU,N.Australia,CNRM-ESM2-1,1.0101070751391508,degC
a,Full ensemble,25,independent climate-model mean,39,NAU,N.Australia,CanESM5,1.703701447455913,degC
a,Full ensemble,25,independent climate-model mean,39,NAU,N.Australia,EC-Earth3-Veg,1.2621230909888326,degC
a,Full ensemble,25,independent climate-model mean,39,NAU,N.Australia,FGOALS-g3,1.1231154383992485,degC
a,Full ensemble,25,independent climate-model mean,39,NAU,N.Australia,GFDL-CM4,1.0809133794542731,degC
a,Full ensemble,25,independent climate-model mean,39,NAU,N.Australia,GFDL-ESM4,1.092713440144619,degC
a,Full ensemble,25,independent climate-model mean,39,NAU,N.Australia,HadGEM3-GC31-LL,1.1744635678072162,degC
a,Full ensemble,25,independent climate-model mean,39,NAU,N.Australia,INM-CM4-8,1.2226291796796704,degC
a,Full ensemble,25,independent climate-model mean,39,NAU,N.Australia,INM-CM5-0,1.0502287452080923,degC
a,Full ensemble,25,independent climate-model mean,39,NAU,N.Australia,IPSL-CM6A-LR,1.3372926692174083,degC
a,Full ensemble,25,independent climate-model mean,39,NAU,N.Australia,MIROC-ES2L,0.9608601169410335,degC
a,Full ensemble,25,independent climate-model mean,39,NAU,N.Australia,MIROC6,0.8849773670571792,degC
a,Full ensemble,25,independent climate-model mean,39,NAU,N.Australia,MPI-ESM1-2-HR,1.2064216248768176,degC
a,Full ensemble,25,independent climate-model mean,39,NAU,N.Australia,MPI-ESM1-2-LR,1.0587366198985755,degC
a,Full ensemble,25,independent climate-model mean,39,NAU,N.Australia,MRI-ESM2-0,0.9776790021304376,degC
a,Full ensemble,25,independent climate-model mean,39,NAU,N.Australia,NESM3,1.0560126108356198,degC
a,Full ensemble,25,independent climate-model mean,39,NAU,N.Australia,NorESM2-LM,0.9242571843645851,degC
a,Full ensemble,25,independent climate-model mean,39,NAU,N.Australia,NorESM2-MM,0.7639702549574379,degC
a,Full ensemble,25,independent climate-model mean,39,NAU,N.Australia,UKESM1-0-LL,1.1959436435085802,degC
a,Full ensemble,25,independent climate-model mean,40,CAU,C.Australia,ACCESS-CM2,1.4788424478708873,degC
a,Full ensemble,25,independent climate-model mean,40,CAU,C.Australia,ACCESS-ESM1-5,1.5865237741736,degC
a,Full ensemble,25,independent climate-model mean,40,CAU,C.Australia,BCC-CSM2-MR,1.2867845673798004,degC
a,Full ensemble,25,independent climate-model mean,40,CAU,C.Australia,CESM2,1.4567501680521056,degC
a,Full ensemble,25,independent climate-model mean,40,CAU,C.Australia,CMCC-ESM2,1.3926189723223383,degC
a,Full ensemble,25,independent climate-model mean,40,CAU,C.Australia,CNRM-CM6-1,1.3302364498924466,degC
a,Full ensemble,25,independent climate-model mean,40,CAU,C.Australia,CNRM-ESM2-1,1.2016469096895441,degC
a,Full ensemble,25,independent climate-model mean,40,CAU,C.Australia,CanESM5,2.2548746107262096,degC
a,Full ensemble,25,independent climate-model mean,40,CAU,C.Australia,EC-Earth3-Veg,1.4580375626021826,degC
a,Full ensemble,25,independent climate-model mean,40,CAU,C.Australia,FGOALS-g3,1.4487492458478957,degC
a,Full ensemble,25,independent climate-model mean,40,CAU,C.Australia,GFDL-CM4,1.1941941428293399,degC
a,Full ensemble,25,independent climate-model mean,40,CAU,C.Australia,GFDL-ESM4,1.306454934006506,degC
a,Full ensemble,25,independent climate-model mean,40,CAU,C.Australia,HadGEM3-GC31-LL,1.5321222988225234,degC
a,Full ensemble,25,independent climate-model mean,40,CAU,C.Australia,INM-CM4-8,1.72998242367213,degC
a,Full ensemble,25,independent climate-model mean,40,CAU,C.Australia,INM-CM5-0,1.613487785193648,degC
a,Full ensemble,25,independent climate-model mean,40,CAU,C.Australia,IPSL-CM6A-LR,1.5133229791208673,degC
a,Full ensemble,25,independent climate-model mean,40,CAU,C.Australia,MIROC-ES2L,1.2150699113210972,degC
a,Full ensemble,25,independent climate-model mean,40,CAU,C.Australia,MIROC6,0.9486034253247135,degC
a,Full ensemble,25,independent climate-model mean,40,CAU,C.Australia,MPI-ESM1-2-HR,1.5566720084329408,degC
a,Full ensemble,25,independent climate-model mean,40,CAU,C.Australia,MPI-ESM1-2-LR,1.390401202465267,degC
a,Full ensemble,25,independent climate-model mean,40,CAU,C.Australia,MRI-ESM2-0,1.2549414446947798,degC
a,Full ensemble,25,independent climate-model mean,40,CAU,C.Australia,NESM3,1.0884618843757525,degC
a,Full ensemble,25,independent climate-model mean,40,CAU,C.Australia,NorESM2-LM,1.2014710030960007,degC
a,Full ensemble,25,independent climate-model mean,40,CAU,C.Australia,NorESM2-MM,1.1136235395758727,degC
a,Full ensemble,25,independent climate-model mean,40,CAU,C.Australia,UKESM1-0-LL,1.350101431321217,degC
a,Full ensemble,25,independent climate-model mean,41,EAU,E.Australia,ACCESS-CM2,1.2356808182085852,degC
a,Full ensemble,25,independent climate-model mean,41,EAU,E.Australia,ACCESS-ESM1-5,1.2947011215475142,degC
a,Full ensemble,25,independent climate-model mean,41,EAU,E.Australia,BCC-CSM2-MR,0.8484452945628602,degC
a,Full ensemble,25,independent climate-model mean,41,EAU,E.Australia,CESM2,1.1250861333236784,degC
a,Full ensemble,25,independent climate-model mean,41,EAU,E.Australia,CMCC-ESM2,1.3740820423656894,degC
a,Full ensemble,25,independent climate-model mean,41,EAU,E.Australia,CNRM-CM6-1,1.1944207928920982,degC
a,Full ensemble,25,independent climate-model mean,41,EAU,E.Australia,CNRM-ESM2-1,1.2405797027343735,degC
a,Full ensemble,25,independent climate-model mean,41,EAU,E.Australia,CanESM5,1.7655943715163283,degC
a,Full ensemble,25,independent climate-model mean,41,EAU,E.Australia,EC-Earth3-Veg,1.419434042980032,degC
a,Full ensemble,25,independent climate-model mean,41,EAU,E.Australia,FGOALS-g3,1.2211868911878578,degC
a,Full ensemble,25,independent climate-model mean,41,EAU,E.Australia,GFDL-CM4,1.046482812702053,degC
a,Full ensemble,25,independent climate-model mean,41,EAU,E.Australia,GFDL-ESM4,1.11444217503372,degC
a,Full ensemble,25,independent climate-model mean,41,EAU,E.Australia,HadGEM3-GC31-LL,1.1501135285472575,degC
a,Full ensemble,25,independent climate-model mean,41,EAU,E.Australia,INM-CM4-8,1.3920786025090153,degC
a,Full ensemble,25,independent climate-model mean,41,EAU,E.Australia,INM-CM5-0,1.2708175963748238,degC
a,Full ensemble,25,independent climate-model mean,41,EAU,E.Australia,IPSL-CM6A-LR,1.4035555986307924,degC
a,Full ensemble,25,independent climate-model mean,41,EAU,E.Australia,MIROC-ES2L,1.1400178402131902,degC
a,Full ensemble,25,independent climate-model mean,41,EAU,E.Australia,MIROC6,0.8856834407217615,degC
a,Full ensemble,25,independent climate-model mean,41,EAU,E.Australia,MPI-ESM1-2-HR,1.3896409004318822,degC
a,Full ensemble,25,independent climate-model mean,41,EAU,E.Australia,MPI-ESM1-2-LR,1.2166282477616808,degC
a,Full ensemble,25,independent climate-model mean,41,EAU,E.Australia,MRI-ESM2-0,1.0628268675352268,degC
a,Full ensemble,25,independent climate-model mean,41,EAU,E.Australia,NESM3,1.1017720238521225,degC
a,Full ensemble,25,independent climate-model mean,41,EAU,E.Australia,NorESM2-LM,0.7112171183713546,degC
a,Full ensemble,25,independent climate-model mean,41,EAU,E.Australia,NorESM2-MM,0.905005497328317,degC
a,Full ensemble,25,independent climate-model mean,41,EAU,E.Australia,UKESM1-0-LL,1.1834050606376887,degC
a,Full ensemble,25,independent climate-model mean,42,SAU,S.Australia,ACCESS-CM2,1.0156548775549525,degC
a,Full ensemble,25,independent climate-model mean,42,SAU,S.Australia,ACCESS-ESM1-5,0.7297037937550301,degC
a,Full ensemble,25,independent climate-model mean,42,SAU,S.Australia,BCC-CSM2-MR,0.5671886003561752,degC
a,Full ensemble,25,independent climate-model mean,42,SAU,S.Australia,CESM2,0.9061768428935537,degC
a,Full ensemble,25,independent climate-model mean,42,SAU,S.Australia,CMCC-ESM2,1.048634688713031,degC
a,Full ensemble,25,independent climate-model mean,42,SAU,S.Australia,CNRM-CM6-1,0.9523386269705856,degC
a,Full ensemble,25,independent climate-model mean,42,SAU,S.Australia,CNRM-ESM2-1,0.49248680851476145,degC
a,Full ensemble,25,independent climate-model mean,42,SAU,S.Australia,CanESM5,1.3889173109562902,degC
a,Full ensemble,25,independent climate-model mean,42,SAU,S.Australia,EC-Earth3-Veg,0.8671473790902304,degC
a,Full ensemble,25,independent climate-model mean,42,SAU,S.Australia,FGOALS-g3,1.134863929036508,degC
a,Full ensemble,25,independent climate-model mean,42,SAU,S.Australia,GFDL-CM4,0.714282389813684,degC
a,Full ensemble,25,independent climate-model mean,42,SAU,S.Australia,GFDL-ESM4,0.8253659165875561,degC
a,Full ensemble,25,independent climate-model mean,42,SAU,S.Australia,HadGEM3-GC31-LL,0.860055098669933,degC
a,Full ensemble,25,independent climate-model mean,42,SAU,S.Australia,INM-CM4-8,1.3051942215564978,degC
a,Full ensemble,25,independent climate-model mean,42,SAU,S.Australia,INM-CM5-0,0.9507458486724808,degC
a,Full ensemble,25,independent climate-model mean,42,SAU,S.Australia,IPSL-CM6A-LR,0.9876468807922392,degC
a,Full ensemble,25,independent climate-model mean,42,SAU,S.Australia,MIROC-ES2L,0.8846377399667847,degC
a,Full ensemble,25,independent climate-model mean,42,SAU,S.Australia,MIROC6,0.5744334776660812,degC
a,Full ensemble,25,independent climate-model mean,42,SAU,S.Australia,MPI-ESM1-2-HR,0.973426875803146,degC
a,Full ensemble,25,independent climate-model mean,42,SAU,S.Australia,MPI-ESM1-2-LR,1.123604137816812,degC
a,Full ensemble,25,independent climate-model mean,42,SAU,S.Australia,MRI-ESM2-0,0.6994175898332335,degC
a,Full ensemble,25,independent climate-model mean,42,SAU,S.Australia,NESM3,0.8362980850602076,degC
a,Full ensemble,25,independent climate-model mean,42,SAU,S.Australia,NorESM2-LM,0.683418553774047,degC
a,Full ensemble,25,independent climate-model mean,42,SAU,S.Australia,NorESM2-MM,0.745152549018612,degC
a,Full ensemble,25,independent climate-model mean,42,SAU,S.Australia,UKESM1-0-LL,0.9080656091900767,degC
a,Full ensemble,25,independent climate-model mean,43,NZ,New-Zealand,ACCESS-CM2,1.2033827172576914,degC
a,Full ensemble,25,independent climate-model mean,43,NZ,New-Zealand,ACCESS-ESM1-5,0.7652883795739763,degC
a,Full ensemble,25,independent climate-model mean,43,NZ,New-Zealand,BCC-CSM2-MR,0.5543715223750022,degC
a,Full ensemble,25,independent climate-model mean,43,NZ,New-Zealand,CESM2,0.8640286991982276,degC
a,Full ensemble,25,independent climate-model mean,43,NZ,New-Zealand,CMCC-ESM2,0.9951172652734435,degC
a,Full ensemble,25,independent climate-model mean,43,NZ,New-Zealand,CNRM-CM6-1,1.1144917175296778,degC
a,Full ensemble,25,independent climate-model mean,43,NZ,New-Zealand,CNRM-ESM2-1,0.6047912463371701,degC
a,Full ensemble,25,independent climate-model mean,43,NZ,New-Zealand,CanESM5,1.3690000961541813,degC
a,Full ensemble,25,independent climate-model mean,43,NZ,New-Zealand,EC-Earth3-Veg,0.8638200674381473,degC
a,Full ensemble,25,independent climate-model mean,43,NZ,New-Zealand,FGOALS-g3,1.1817378371230522,degC
a,Full ensemble,25,independent climate-model mean,43,NZ,New-Zealand,GFDL-CM4,0.7591659192585267,degC
a,Full ensemble,25,independent climate-model mean,43,NZ,New-Zealand,GFDL-ESM4,0.8889846624081356,degC
a,Full ensemble,25,independent climate-model mean,43,NZ,New-Zealand,HadGEM3-GC31-LL,1.0388314172493582,degC
a,Full ensemble,25,independent climate-model mean,43,NZ,New-Zealand,INM-CM4-8,1.015436773660183,degC
a,Full ensemble,25,independent climate-model mean,43,NZ,New-Zealand,INM-CM5-0,1.0362135948342204,degC
a,Full ensemble,25,independent climate-model mean,43,NZ,New-Zealand,IPSL-CM6A-LR,0.9841247732360847,degC
a,Full ensemble,25,independent climate-model mean,43,NZ,New-Zealand,MIROC-ES2L,0.9076683014178386,degC
a,Full ensemble,25,independent climate-model mean,43,NZ,New-Zealand,MIROC6,0.6499360974249985,degC
a,Full ensemble,25,independent climate-model mean,43,NZ,New-Zealand,MPI-ESM1-2-HR,1.2668229840716332,degC
a,Full ensemble,25,independent climate-model mean,43,NZ,New-Zealand,MPI-ESM1-2-LR,1.1332476782353313,degC
a,Full ensemble,25,independent climate-model mean,43,NZ,New-Zealand,MRI-ESM2-0,0.7956803119452435,degC
a,Full ensemble,25,independent climate-model mean,43,NZ,New-Zealand,NESM3,1.024691181145966,degC
a,Full ensemble,25,independent climate-model mean,43,NZ,New-Zealand,NorESM2-LM,0.7427588065372412,degC
a,Full ensemble,25,independent climate-model mean,43,NZ,New-Zealand,NorESM2-MM,0.5472228838537659,degC
a,Full ensemble,25,independent climate-model mean,43,NZ,New-Zealand,UKESM1-0-LL,1.2455944699181927,degC
a,Full ensemble,25,independent climate-model mean,44,EAN,E.Antarctica,ACCESS-CM2,1.294310601289236,degC
a,Full ensemble,25,independent climate-model mean,44,EAN,E.Antarctica,ACCESS-ESM1-5,1.0927601012779466,degC
a,Full ensemble,25,independent climate-model mean,44,EAN,E.Antarctica,BCC-CSM2-MR,1.1923580617605698,degC
a,Full ensemble,25,independent climate-model mean,44,EAN,E.Antarctica,CESM2,1.8125622668787664,degC
a,Full ensemble,25,independent climate-model mean,44,EAN,E.Antarctica,CMCC-ESM2,1.6179732738923687,degC
a,Full ensemble,25,independent climate-model mean,44,EAN,E.Antarctica,CNRM-CM6-1,1.6752811105795373,degC
a,Full ensemble,25,independent climate-model mean,44,EAN,E.Antarctica,CNRM-ESM2-1,1.2394912347539466,degC
a,Full ensemble,25,independent climate-model mean,44,EAN,E.Antarctica,CanESM5,2.2268845092690093,degC
a,Full ensemble,25,independent climate-model mean,44,EAN,E.Antarctica,EC-Earth3-Veg,1.2026731886350692,degC
a,Full ensemble,25,independent climate-model mean,44,EAN,E.Antarctica,FGOALS-g3,1.154554181724315,degC
a,Full ensemble,25,independent climate-model mean,44,EAN,E.Antarctica,GFDL-CM4,1.1318881062786386,degC
a,Full ensemble,25,independent climate-model mean,44,EAN,E.Antarctica,GFDL-ESM4,0.9691516366231664,degC
a,Full ensemble,25,independent climate-model mean,44,EAN,E.Antarctica,HadGEM3-GC31-LL,1.774760325140776,degC
a,Full ensemble,25,independent climate-model mean,44,EAN,E.Antarctica,INM-CM4-8,1.709501435413045,degC
a,Full ensemble,25,independent climate-model mean,44,EAN,E.Antarctica,INM-CM5-0,1.2356811317735705,degC
a,Full ensemble,25,independent climate-model mean,44,EAN,E.Antarctica,IPSL-CM6A-LR,1.271050711055199,degC
a,Full ensemble,25,independent climate-model mean,44,EAN,E.Antarctica,MIROC-ES2L,0.8127632491276557,degC
a,Full ensemble,25,independent climate-model mean,44,EAN,E.Antarctica,MIROC6,0.7963665651150967,degC
a,Full ensemble,25,independent climate-model mean,44,EAN,E.Antarctica,MPI-ESM1-2-HR,1.4456248766785376,degC
a,Full ensemble,25,independent climate-model mean,44,EAN,E.Antarctica,MPI-ESM1-2-LR,1.1987742439848217,degC
a,Full ensemble,25,independent climate-model mean,44,EAN,E.Antarctica,MRI-ESM2-0,1.303445880487399,degC
a,Full ensemble,25,independent climate-model mean,44,EAN,E.Antarctica,NESM3,1.569523965324304,degC
a,Full ensemble,25,independent climate-model mean,44,EAN,E.Antarctica,NorESM2-LM,0.7799451824310777,degC
a,Full ensemble,25,independent climate-model mean,44,EAN,E.Antarctica,NorESM2-MM,0.9602840041046197,degC
a,Full ensemble,25,independent climate-model mean,44,EAN,E.Antarctica,UKESM1-0-LL,1.8214726712917417,degC
a,Full ensemble,25,independent climate-model mean,45,WAN,W.Antarctica,ACCESS-CM2,1.256704200740441,degC
a,Full ensemble,25,independent climate-model mean,45,WAN,W.Antarctica,ACCESS-ESM1-5,1.1836503724662983,degC
a,Full ensemble,25,independent climate-model mean,45,WAN,W.Antarctica,BCC-CSM2-MR,1.1555658554059294,degC
a,Full ensemble,25,independent climate-model mean,45,WAN,W.Antarctica,CESM2,1.9190980640958706,degC
a,Full ensemble,25,independent climate-model mean,45,WAN,W.Antarctica,CMCC-ESM2,1.6397185209726366,degC
a,Full ensemble,25,independent climate-model mean,45,WAN,W.Antarctica,CNRM-CM6-1,2.7997947084612136,degC
a,Full ensemble,25,independent climate-model mean,45,WAN,W.Antarctica,CNRM-ESM2-1,2.1400377342610915,degC
a,Full ensemble,25,independent climate-model mean,45,WAN,W.Antarctica,CanESM5,1.8605496510733022,degC
a,Full ensemble,25,independent climate-model mean,45,WAN,W.Antarctica,EC-Earth3-Veg,1.8704401915746254,degC
a,Full ensemble,25,independent climate-model mean,45,WAN,W.Antarctica,FGOALS-g3,1.2132679073648582,degC
a,Full ensemble,25,independent climate-model mean,45,WAN,W.Antarctica,GFDL-CM4,1.0621055219862638,degC
a,Full ensemble,25,independent climate-model mean,45,WAN,W.Antarctica,GFDL-ESM4,0.9604785736811703,degC
a,Full ensemble,25,independent climate-model mean,45,WAN,W.Antarctica,HadGEM3-GC31-LL,1.9921779038431868,degC
a,Full ensemble,25,independent climate-model mean,45,WAN,W.Antarctica,INM-CM4-8,2.301581683865724,degC
a,Full ensemble,25,independent climate-model mean,45,WAN,W.Antarctica,INM-CM5-0,1.3734979331048127,degC
a,Full ensemble,25,independent climate-model mean,45,WAN,W.Antarctica,IPSL-CM6A-LR,1.5173043768501349,degC
a,Full ensemble,25,independent climate-model mean,45,WAN,W.Antarctica,MIROC-ES2L,0.726586529285089,degC
a,Full ensemble,25,independent climate-model mean,45,WAN,W.Antarctica,MIROC6,0.49567111315034973,degC
a,Full ensemble,25,independent climate-model mean,45,WAN,W.Antarctica,MPI-ESM1-2-HR,1.9178991059853363,degC
a,Full ensemble,25,independent climate-model mean,45,WAN,W.Antarctica,MPI-ESM1-2-LR,1.3701071195303183,degC
a,Full ensemble,25,independent climate-model mean,45,WAN,W.Antarctica,MRI-ESM2-0,1.388069674591624,degC
a,Full ensemble,25,independent climate-model mean,45,WAN,W.Antarctica,NESM3,1.6869036315297457,degC
a,Full ensemble,25,independent climate-model mean,45,WAN,W.Antarctica,NorESM2-LM,0.614331648245659,degC
a,Full ensemble,25,independent climate-model mean,45,WAN,W.Antarctica,NorESM2-MM,0.32187175179675337,degC
a,Full ensemble,25,independent climate-model mean,45,WAN,W.Antarctica,UKESM1-0-LL,1.7046499423688641,degC
a,Full ensemble,25,independent climate-model mean,46,NA,North and Central America,ACCESS-CM2,1.6724135566240919,degC
a,Full ensemble,25,independent climate-model mean,46,NA,North and Central America,ACCESS-ESM1-5,1.7843073206384257,degC
a,Full ensemble,25,independent climate-model mean,46,NA,North and Central America,BCC-CSM2-MR,1.6356364540862551,degC
a,Full ensemble,25,independent climate-model mean,46,NA,North and Central America,CESM2,1.8937265784560562,degC
a,Full ensemble,25,independent climate-model mean,46,NA,North and Central America,CMCC-ESM2,2.13588056181348,degC
a,Full ensemble,25,independent climate-model mean,46,NA,North and Central America,CNRM-CM6-1,1.80556566214574,degC
a,Full ensemble,25,independent climate-model mean,46,NA,North and Central America,CNRM-ESM2-1,1.3355143009597497,degC
a,Full ensemble,25,independent climate-model mean,46,NA,North and Central America,CanESM5,3.0323966986602877,degC
a,Full ensemble,25,independent climate-model mean,46,NA,North and Central America,EC-Earth3-Veg,2.7889327496987777,degC
a,Full ensemble,25,independent climate-model mean,46,NA,North and Central America,FGOALS-g3,1.9985632593025309,degC
a,Full ensemble,25,independent climate-model mean,46,NA,North and Central America,GFDL-CM4,1.8404305056689896,degC
a,Full ensemble,25,independent climate-model mean,46,NA,North and Central America,GFDL-ESM4,1.247984697814819,degC
a,Full ensemble,25,independent climate-model mean,46,NA,North and Central America,HadGEM3-GC31-LL,2.1427444691408644,degC
a,Full ensemble,25,independent climate-model mean,46,NA,North and Central America,INM-CM4-8,1.2530705725554923,degC
a,Full ensemble,25,independent climate-model mean,46,NA,North and Central America,INM-CM5-0,1.7534720457532373,degC
a,Full ensemble,25,independent climate-model mean,46,NA,North and Central America,IPSL-CM6A-LR,2.294524331425187,degC
a,Full ensemble,25,independent climate-model mean,46,NA,North and Central America,MIROC-ES2L,1.5898390300039709,degC
a,Full ensemble,25,independent climate-model mean,46,NA,North and Central America,MIROC6,1.6770054311440319,degC
a,Full ensemble,25,independent climate-model mean,46,NA,North and Central America,MPI-ESM1-2-HR,1.9013808541085353,degC
a,Full ensemble,25,independent climate-model mean,46,NA,North and Central America,MPI-ESM1-2-LR,1.953904953552526,degC
a,Full ensemble,25,independent climate-model mean,46,NA,North and Central America,MRI-ESM2-0,1.793291725794996,degC
a,Full ensemble,25,independent climate-model mean,46,NA,North and Central America,NESM3,2.2637437764687136,degC
a,Full ensemble,25,independent climate-model mean,46,NA,North and Central America,NorESM2-LM,1.4210805513097031,degC
a,Full ensemble,25,independent climate-model mean,46,NA,North and Central America,NorESM2-MM,1.408873332279445,degC
a,Full ensemble,25,independent climate-model mean,46,NA,North and Central America,UKESM1-0-LL,1.8486776840864259,degC
a,Full ensemble,25,independent climate-model mean,47,SA,South America,ACCESS-CM2,1.2836707035000254,degC
a,Full ensemble,25,independent climate-model mean,47,SA,South America,ACCESS-ESM1-5,1.250401291137772,degC
a,Full ensemble,25,independent climate-model mean,47,SA,South America,BCC-CSM2-MR,1.1447695912081453,degC
a,Full ensemble,25,independent climate-model mean,47,SA,South America,CESM2,1.3042582143451817,degC
a,Full ensemble,25,independent climate-model mean,47,SA,South America,CMCC-ESM2,1.0640892597303988,degC
a,Full ensemble,25,independent climate-model mean,47,SA,South America,CNRM-CM6-1,1.097169824335856,degC
a,Full ensemble,25,independent climate-model mean,47,SA,South America,CNRM-ESM2-1,0.9914114256945092,degC
a,Full ensemble,25,independent climate-model mean,47,SA,South America,CanESM5,2.3296709688100914,degC
a,Full ensemble,25,independent climate-model mean,47,SA,South America,EC-Earth3-Veg,1.4085616508822554,degC
a,Full ensemble,25,independent climate-model mean,47,SA,South America,FGOALS-g3,1.3739136412116526,degC
a,Full ensemble,25,independent climate-model mean,47,SA,South America,GFDL-CM4,1.1543916561484813,degC
a,Full ensemble,25,independent climate-model mean,47,SA,South America,GFDL-ESM4,1.4333377639730975,degC
a,Full ensemble,25,independent climate-model mean,47,SA,South America,HadGEM3-GC31-LL,1.3676323797414487,degC
a,Full ensemble,25,independent climate-model mean,47,SA,South America,INM-CM4-8,1.0896144294641563,degC
a,Full ensemble,25,independent climate-model mean,47,SA,South America,INM-CM5-0,0.9814136219363434,degC
a,Full ensemble,25,independent climate-model mean,47,SA,South America,IPSL-CM6A-LR,1.4123937553621237,degC
a,Full ensemble,25,independent climate-model mean,47,SA,South America,MIROC-ES2L,1.036684370948687,degC
a,Full ensemble,25,independent climate-model mean,47,SA,South America,MIROC6,0.9574662282290998,degC
a,Full ensemble,25,independent climate-model mean,47,SA,South America,MPI-ESM1-2-HR,1.1481008753410555,degC
a,Full ensemble,25,independent climate-model mean,47,SA,South America,MPI-ESM1-2-LR,1.2044101954494681,degC
a,Full ensemble,25,independent climate-model mean,47,SA,South America,MRI-ESM2-0,1.1675025394897787,degC
a,Full ensemble,25,independent climate-model mean,47,SA,South America,NESM3,1.2843248079430203,degC
a,Full ensemble,25,independent climate-model mean,47,SA,South America,NorESM2-LM,0.7954444000715858,degC
a,Full ensemble,25,independent climate-model mean,47,SA,South America,NorESM2-MM,0.8932343670336531,degC
a,Full ensemble,25,independent climate-model mean,47,SA,South America,UKESM1-0-LL,1.3931064814635061,degC
a,Full ensemble,25,independent climate-model mean,48,EU,Europe,ACCESS-CM2,1.4990493698969645,degC
a,Full ensemble,25,independent climate-model mean,48,EU,Europe,ACCESS-ESM1-5,1.5875567842214042,degC
a,Full ensemble,25,independent climate-model mean,48,EU,Europe,BCC-CSM2-MR,1.6819134282850416,degC
a,Full ensemble,25,independent climate-model mean,48,EU,Europe,CESM2,1.4356039832348613,degC
a,Full ensemble,25,independent climate-model mean,48,EU,Europe,CMCC-ESM2,1.5500556768977602,degC
a,Full ensemble,25,independent climate-model mean,48,EU,Europe,CNRM-CM6-1,1.6050273874001817,degC
a,Full ensemble,25,independent climate-model mean,48,EU,Europe,CNRM-ESM2-1,1.3521851751043712,degC
a,Full ensemble,25,independent climate-model mean,48,EU,Europe,CanESM5,2.6703750283266343,degC
a,Full ensemble,25,independent climate-model mean,48,EU,Europe,EC-Earth3-Veg,3.1086343170447703,degC
a,Full ensemble,25,independent climate-model mean,48,EU,Europe,FGOALS-g3,1.44427941017941,degC
a,Full ensemble,25,independent climate-model mean,48,EU,Europe,GFDL-CM4,1.8246149617630105,degC
a,Full ensemble,25,independent climate-model mean,48,EU,Europe,GFDL-ESM4,0.7862971096799163,degC
a,Full ensemble,25,independent climate-model mean,48,EU,Europe,HadGEM3-GC31-LL,1.934897087693934,degC
a,Full ensemble,25,independent climate-model mean,48,EU,Europe,INM-CM4-8,1.1955442107624132,degC
a,Full ensemble,25,independent climate-model mean,48,EU,Europe,INM-CM5-0,1.6302692087389417,degC
a,Full ensemble,25,independent climate-model mean,48,EU,Europe,IPSL-CM6A-LR,1.9190284808594509,degC
a,Full ensemble,25,independent climate-model mean,48,EU,Europe,MIROC-ES2L,1.5578546372757818,degC
a,Full ensemble,25,independent climate-model mean,48,EU,Europe,MIROC6,1.3864129645701893,degC
a,Full ensemble,25,independent climate-model mean,48,EU,Europe,MPI-ESM1-2-HR,1.581883285546975,degC
a,Full ensemble,25,independent climate-model mean,48,EU,Europe,MPI-ESM1-2-LR,1.7346623452919285,degC
a,Full ensemble,25,independent climate-model mean,48,EU,Europe,MRI-ESM2-0,1.5089178719629868,degC
a,Full ensemble,25,independent climate-model mean,48,EU,Europe,NESM3,2.720628383381131,degC
a,Full ensemble,25,independent climate-model mean,48,EU,Europe,NorESM2-LM,1.5094357811331596,degC
a,Full ensemble,25,independent climate-model mean,48,EU,Europe,NorESM2-MM,1.2002245973073067,degC
a,Full ensemble,25,independent climate-model mean,48,EU,Europe,UKESM1-0-LL,1.7369621682200111,degC
a,Full ensemble,25,independent climate-model mean,49,AF,Africa,ACCESS-CM2,1.458991763771803,degC
a,Full ensemble,25,independent climate-model mean,49,AF,Africa,ACCESS-ESM1-5,1.4150415217271184,degC
a,Full ensemble,25,independent climate-model mean,49,AF,Africa,BCC-CSM2-MR,1.2412829829843264,degC
a,Full ensemble,25,independent climate-model mean,49,AF,Africa,CESM2,1.3642702528079955,degC
a,Full ensemble,25,independent climate-model mean,49,AF,Africa,CMCC-ESM2,1.4173692364353596,degC
a,Full ensemble,25,independent climate-model mean,49,AF,Africa,CNRM-CM6-1,1.2080701608478517,degC
a,Full ensemble,25,independent climate-model mean,49,AF,Africa,CNRM-ESM2-1,1.1170724691678298,degC
a,Full ensemble,25,independent climate-model mean,49,AF,Africa,CanESM5,2.185082462939266,degC
a,Full ensemble,25,independent climate-model mean,49,AF,Africa,EC-Earth3-Veg,1.6238318264514766,degC
a,Full ensemble,25,independent climate-model mean,49,AF,Africa,FGOALS-g3,1.5259276180995665,degC
a,Full ensemble,25,independent climate-model mean,49,AF,Africa,GFDL-CM4,1.2461053726295233,degC
a,Full ensemble,25,independent climate-model mean,49,AF,Africa,GFDL-ESM4,1.4113695024467656,degC
a,Full ensemble,25,independent climate-model mean,49,AF,Africa,HadGEM3-GC31-LL,1.3430482172221292,degC
a,Full ensemble,25,independent climate-model mean,49,AF,Africa,INM-CM4-8,1.3603905252749917,degC
a,Full ensemble,25,independent climate-model mean,49,AF,Africa,INM-CM5-0,1.2866679940280115,degC
a,Full ensemble,25,independent climate-model mean,49,AF,Africa,IPSL-CM6A-LR,1.6762662219886741,degC
a,Full ensemble,25,independent climate-model mean,49,AF,Africa,MIROC-ES2L,1.2743237400674596,degC
a,Full ensemble,25,independent climate-model mean,49,AF,Africa,MIROC6,1.1436309418719286,degC
a,Full ensemble,25,independent climate-model mean,49,AF,Africa,MPI-ESM1-2-HR,1.214861972663983,degC
a,Full ensemble,25,independent climate-model mean,49,AF,Africa,MPI-ESM1-2-LR,1.2679705120172196,degC
a,Full ensemble,25,independent climate-model mean,49,AF,Africa,MRI-ESM2-0,1.1619102284056506,degC
a,Full ensemble,25,independent climate-model mean,49,AF,Africa,NESM3,1.2892035808287547,degC
a,Full ensemble,25,independent climate-model mean,49,AF,Africa,NorESM2-LM,1.1163606242033066,degC
a,Full ensemble,25,independent climate-model mean,49,AF,Africa,NorESM2-MM,1.2168223794746638,degC
a,Full ensemble,25,independent climate-model mean,49,AF,Africa,UKESM1-0-LL,1.3985563541026909,degC
a,Full ensemble,25,independent climate-model mean,50,Asia,Asia,ACCESS-CM2,1.7772656262913422,degC
a,Full ensemble,25,independent climate-model mean,50,Asia,Asia,ACCESS-ESM1-5,1.7469574257189222,degC
a,Full ensemble,25,independent climate-model mean,50,Asia,Asia,BCC-CSM2-MR,1.7765150970480152,degC
a,Full ensemble,25,independent climate-model mean,50,Asia,Asia,CESM2,1.8852093563207777,degC
a,Full ensemble,25,independent climate-model mean,50,Asia,Asia,CMCC-ESM2,2.0914180449940316,degC
a,Full ensemble,25,independent climate-model mean,50,Asia,Asia,CNRM-CM6-1,1.7800057376858098,degC
a,Full ensemble,25,independent climate-model mean,50,Asia,Asia,CNRM-ESM2-1,1.3939533401311661,degC
a,Full ensemble,25,independent climate-model mean,50,Asia,Asia,CanESM5,3.1108013575946383,degC
a,Full ensemble,25,independent climate-model mean,50,Asia,Asia,EC-Earth3-Veg,2.5002486828435058,degC
a,Full ensemble,25,independent climate-model mean,50,Asia,Asia,FGOALS-g3,1.9236632894345995,degC
a,Full ensemble,25,independent climate-model mean,50,Asia,Asia,GFDL-CM4,1.8593360180019975,degC
a,Full ensemble,25,independent climate-model mean,50,Asia,Asia,GFDL-ESM4,1.1836412176330582,degC
a,Full ensemble,25,independent climate-model mean,50,Asia,Asia,HadGEM3-GC31-LL,2.0140746026131557,degC
a,Full ensemble,25,independent climate-model mean,50,Asia,Asia,INM-CM4-8,1.6658034638801003,degC
a,Full ensemble,25,independent climate-model mean,50,Asia,Asia,INM-CM5-0,1.4965817071496201,degC
a,Full ensemble,25,independent climate-model mean,50,Asia,Asia,IPSL-CM6A-LR,2.495306208278057,degC
a,Full ensemble,25,independent climate-model mean,50,Asia,Asia,MIROC-ES2L,1.6213480626819994,degC
a,Full ensemble,25,independent climate-model mean,50,Asia,Asia,MIROC6,1.5821351560404495,degC
a,Full ensemble,25,independent climate-model mean,50,Asia,Asia,MPI-ESM1-2-HR,1.7757772984832436,degC
a,Full ensemble,25,independent climate-model mean,50,Asia,Asia,MPI-ESM1-2-LR,1.8800579710022916,degC
a,Full ensemble,25,independent climate-model mean,50,Asia,Asia,MRI-ESM2-0,1.5685834335598028,degC
a,Full ensemble,25,independent climate-model mean,50,Asia,Asia,NESM3,2.4790264574658014,degC
a,Full ensemble,25,independent climate-model mean,50,Asia,Asia,NorESM2-LM,1.8018439737281198,degC
a,Full ensemble,25,independent climate-model mean,50,Asia,Asia,NorESM2-MM,1.5008329677978296,degC
a,Full ensemble,25,independent climate-model mean,50,Asia,Asia,UKESM1-0-LL,1.728828581870485,degC
a,Full ensemble,25,independent climate-model mean,51,AU,Australasia,ACCESS-CM2,1.1442705537382827,degC
a,Full ensemble,25,independent climate-model mean,51,AU,Australasia,ACCESS-ESM1-5,0.9845412969865361,degC
a,Full ensemble,25,independent climate-model mean,51,AU,Australasia,BCC-CSM2-MR,0.899725460843402,degC
a,Full ensemble,25,independent climate-model mean,51,AU,Australasia,CESM2,1.0381204995892437,degC
a,Full ensemble,25,independent climate-model mean,51,AU,Australasia,CMCC-ESM2,1.0977559697213652,degC
a,Full ensemble,25,independent climate-model mean,51,AU,Australasia,CNRM-CM6-1,1.0310303396347833,degC
a,Full ensemble,25,independent climate-model mean,51,AU,Australasia,CNRM-ESM2-1,0.8362361346113991,degC
a,Full ensemble,25,independent climate-model mean,51,AU,Australasia,CanESM5,1.6485686417077439,degC
a,Full ensemble,25,independent climate-model mean,51,AU,Australasia,EC-Earth3-Veg,1.1678231112481172,degC
a,Full ensemble,25,independent climate-model mean,51,AU,Australasia,FGOALS-g3,1.1280523713840502,degC
a,Full ensemble,25,independent climate-model mean,51,AU,Australasia,GFDL-CM4,0.957141070734389,degC
a,Full ensemble,25,independent climate-model mean,51,AU,Australasia,GFDL-ESM4,1.0132699140028771,degC
a,Full ensemble,25,independent climate-model mean,51,AU,Australasia,HadGEM3-GC31-LL,1.1017322871984137,degC
a,Full ensemble,25,independent climate-model mean,51,AU,Australasia,INM-CM4-8,1.1622043471810017,degC
a,Full ensemble,25,independent climate-model mean,51,AU,Australasia,INM-CM5-0,1.0227835158185306,degC
a,Full ensemble,25,independent climate-model mean,51,AU,Australasia,IPSL-CM6A-LR,1.227607473197112,degC
a,Full ensemble,25,independent climate-model mean,51,AU,Australasia,MIROC-ES2L,0.9275884438584896,degC
a,Full ensemble,25,independent climate-model mean,51,AU,Australasia,MIROC6,0.7742790145482067,degC
a,Full ensemble,25,independent climate-model mean,51,AU,Australasia,MPI-ESM1-2-HR,1.1179028956628159,degC
a,Full ensemble,25,independent climate-model mean,51,AU,Australasia,MPI-ESM1-2-LR,1.0602981388481687,degC
a,Full ensemble,25,independent climate-model mean,51,AU,Australasia,MRI-ESM2-0,0.907406293028661,degC
a,Full ensemble,25,independent climate-model mean,51,AU,Australasia,NESM3,1.006211245187479,degC
a,Full ensemble,25,independent climate-model mean,51,AU,Australasia,NorESM2-LM,0.8283453852026736,degC
a,Full ensemble,25,independent climate-model mean,51,AU,Australasia,NorESM2-MM,0.8048864529776507,degC
a,Full ensemble,25,independent climate-model mean,51,AU,Australasia,UKESM1-0-LL,1.148088687630082,degC
a,Full ensemble,25,independent climate-model mean,52,ANT,Antarctica,ACCESS-CM2,1.2846325929188795,degC
a,Full ensemble,25,independent climate-model mean,52,ANT,Antarctica,ACCESS-ESM1-5,1.1244382764692917,degC
a,Full ensemble,25,independent climate-model mean,52,ANT,Antarctica,BCC-CSM2-MR,1.1763101044510653,degC
a,Full ensemble,25,independent climate-model mean,52,ANT,Antarctica,CESM2,1.8455336252387675,degC
a,Full ensemble,25,independent climate-model mean,52,ANT,Antarctica,CMCC-ESM2,1.6216932334190766,degC
a,Full ensemble,25,independent climate-model mean,52,ANT,Antarctica,CNRM-CM6-1,1.9978747891777089,degC
a,Full ensemble,25,independent climate-model mean,52,ANT,Antarctica,CNRM-ESM2-1,1.5456763706519463,degC
a,Full ensemble,25,independent climate-model mean,52,ANT,Antarctica,CanESM5,2.1144379474224992,degC
a,Full ensemble,25,independent climate-model mean,52,ANT,Antarctica,EC-Earth3-Veg,1.3963818622362252,degC
a,Full ensemble,25,independent climate-model mean,52,ANT,Antarctica,FGOALS-g3,1.1587055547965437,degC
a,Full ensemble,25,independent climate-model mean,52,ANT,Antarctica,GFDL-CM4,1.1090637409766722,degC
a,Full ensemble,25,independent climate-model mean,52,ANT,Antarctica,GFDL-ESM4,0.9701722453954964,degC
a,Full ensemble,25,independent climate-model mean,52,ANT,Antarctica,HadGEM3-GC31-LL,1.8378694885846358,degC
a,Full ensemble,25,independent climate-model mean,52,ANT,Antarctica,INM-CM4-8,1.8883126652968172,degC
a,Full ensemble,25,independent climate-model mean,52,ANT,Antarctica,INM-CM5-0,1.278109833028585,degC
a,Full ensemble,25,independent climate-model mean,52,ANT,Antarctica,IPSL-CM6A-LR,1.3811894697411982,degC
a,Full ensemble,25,independent climate-model mean,52,ANT,Antarctica,MIROC-ES2L,0.7717008539062667,degC
a,Full ensemble,25,independent climate-model mean,52,ANT,Antarctica,MIROC6,0.711014743030428,degC
a,Full ensemble,25,independent climate-model mean,52,ANT,Antarctica,MPI-ESM1-2-HR,1.5925327192303456,degC
a,Full ensemble,25,independent climate-model mean,52,ANT,Antarctica,MPI-ESM1-2-LR,1.2473385330692321,degC
a,Full ensemble,25,independent climate-model mean,52,ANT,Antarctica,MRI-ESM2-0,1.3448058070598312,degC
a,Full ensemble,25,independent climate-model mean,52,ANT,Antarctica,NESM3,1.5898447998437442,degC
a,Full ensemble,25,independent climate-model mean,52,ANT,Antarctica,NorESM2-LM,0.7365679764960443,degC
a,Full ensemble,25,independent climate-model mean,52,ANT,Antarctica,NorESM2-MM,0.7815143078672833,degC
a,Full ensemble,25,independent climate-model mean,52,ANT,Antarctica,UKESM1-0-LL,1.7902408455922596,degC
a,Full ensemble,25,independent climate-model mean,53,LSAT,Global Land,ACCESS-CM2,1.4719089638575409,degC
a,Full ensemble,25,independent climate-model mean,53,LSAT,Global Land,ACCESS-ESM1-5,1.4780422290963044,degC
a,Full ensemble,25,independent climate-model mean,53,LSAT,Global Land,BCC-CSM2-MR,1.3895180036534704,degC
a,Full ensemble,25,independent climate-model mean,53,LSAT,Global Land,CESM2,1.5637209845311175,degC
a,Full ensemble,25,independent climate-model mean,53,LSAT,Global Land,CMCC-ESM2,1.65944650815636,degC
a,Full ensemble,25,independent climate-model mean,53,LSAT,Global Land,CNRM-CM6-1,1.5073304238303435,degC
a,Full ensemble,25,independent climate-model mean,53,LSAT,Global Land,CNRM-ESM2-1,1.2056572712471207,degC
a,Full ensemble,25,independent climate-model mean,53,LSAT,Global Land,CanESM5,2.4658266341019095,degC
a,Full ensemble,25,independent climate-model mean,53,LSAT,Global Land,EC-Earth3-Veg,2.0427908289489674,degC
a,Full ensemble,25,independent climate-model mean,53,LSAT,Global Land,FGOALS-g3,1.5872685980805679,degC
a,Full ensemble,25,independent climate-model mean,53,LSAT,Global Land,GFDL-CM4,1.4747795286546281,degC
a,Full ensemble,25,independent climate-model mean,53,LSAT,Global Land,GFDL-ESM4,1.1481693339445447,degC
a,Full ensemble,25,independent climate-model mean,53,LSAT,Global Land,HadGEM3-GC31-LL,1.6898341216966686,degC
a,Full ensemble,25,independent climate-model mean,53,LSAT,Global Land,INM-CM4-8,1.3787108358212492,degC
a,Full ensemble,25,independent climate-model mean,53,LSAT,Global Land,INM-CM5-0,1.3776895788052457,degC
a,Full ensemble,25,independent climate-model mean,53,LSAT,Global Land,IPSL-CM6A-LR,1.8566701886767425,degC
a,Full ensemble,25,independent climate-model mean,53,LSAT,Global Land,MIROC-ES2L,1.3054919431427658,degC
a,Full ensemble,25,independent climate-model mean,53,LSAT,Global Land,MIROC6,1.2515294365095944,degC
a,Full ensemble,25,independent climate-model mean,53,LSAT,Global Land,MPI-ESM1-2-HR,1.5084804615966647,degC
a,Full ensemble,25,independent climate-model mean,53,LSAT,Global Land,MPI-ESM1-2-LR,1.5313824250238752,degC
a,Full ensemble,25,independent climate-model mean,53,LSAT,Global Land,MRI-ESM2-0,1.3745657458324108,degC
a,Full ensemble,25,independent climate-model mean,53,LSAT,Global Land,NESM3,1.8061891115973132,degC
a,Full ensemble,25,independent climate-model mean,53,LSAT,Global Land,NorESM2-LM,1.2505457287930564,degC
a,Full ensemble,25,independent climate-model mean,53,LSAT,Global Land,NorESM2-MM,1.194648016317562,degC
a,Full ensemble,25,independent climate-model mean,53,LSAT,Global Land,UKESM1-0-LL,1.5705853158602987,degC
a,Pseudo-observations,15,independent climate-model mean,0,GIC,Greenland/Iceland,ACCESS-CM2,2.112779560612662,degC
a,Pseudo-observations,15,independent climate-model mean,0,GIC,Greenland/Iceland,ACCESS-ESM1-5,2.080084198937177,degC
a,Pseudo-observations,15,independent climate-model mean,0,GIC,Greenland/Iceland,CESM2,1.8624310926945042,degC
a,Pseudo-observations,15,independent climate-model mean,0,GIC,Greenland/Iceland,CNRM-CM6-1,2.3778139861336114,degC
a,Pseudo-observations,15,independent climate-model mean,0,GIC,Greenland/Iceland,CNRM-ESM2-1,1.929914523705004,degC
a,Pseudo-observations,15,independent climate-model mean,0,GIC,Greenland/Iceland,CanESM5,4.304465926922938,degC
a,Pseudo-observations,15,independent climate-model mean,0,GIC,Greenland/Iceland,EC-Earth3-Veg,5.244383933770755,degC
a,Pseudo-observations,15,independent climate-model mean,0,GIC,Greenland/Iceland,FGOALS-g3,1.7644031168997438,degC
a,Pseudo-observations,15,independent climate-model mean,0,GIC,Greenland/Iceland,HadGEM3-GC31-LL,2.822028590436071,degC
a,Pseudo-observations,15,independent climate-model mean,0,GIC,Greenland/Iceland,IPSL-CM6A-LR,2.6503777203568197,degC
a,Pseudo-observations,15,independent climate-model mean,0,GIC,Greenland/Iceland,MIROC-ES2L,1.837779406566139,degC
a,Pseudo-observations,15,independent climate-model mean,0,GIC,Greenland/Iceland,MIROC6,1.5624116826906083,degC
a,Pseudo-observations,15,independent climate-model mean,0,GIC,Greenland/Iceland,MPI-ESM1-2-LR,1.7875040612619786,degC
a,Pseudo-observations,15,independent climate-model mean,0,GIC,Greenland/Iceland,MRI-ESM2-0,2.281014648600889,degC
a,Pseudo-observations,15,independent climate-model mean,0,GIC,Greenland/Iceland,UKESM1-0-LL,2.608445096992646,degC
a,Pseudo-observations,15,independent climate-model mean,1,NWN,N.W.North-America,ACCESS-CM2,2.1178094907811826,degC
a,Pseudo-observations,15,independent climate-model mean,1,NWN,N.W.North-America,ACCESS-ESM1-5,2.4158688593321505,degC
a,Pseudo-observations,15,independent climate-model mean,1,NWN,N.W.North-America,CESM2,2.1876427663041507,degC
a,Pseudo-observations,15,independent climate-model mean,1,NWN,N.W.North-America,CNRM-CM6-1,2.4557123932398865,degC
a,Pseudo-observations,15,independent climate-model mean,1,NWN,N.W.North-America,CNRM-ESM2-1,1.6390407543232566,degC
a,Pseudo-observations,15,independent climate-model mean,1,NWN,N.W.North-America,CanESM5,3.447738243877181,degC
a,Pseudo-observations,15,independent climate-model mean,1,NWN,N.W.North-America,EC-Earth3-Veg,3.2860255794901847,degC
a,Pseudo-observations,15,independent climate-model mean,1,NWN,N.W.North-America,FGOALS-g3,3.0465736505405516,degC
a,Pseudo-observations,15,independent climate-model mean,1,NWN,N.W.North-America,HadGEM3-GC31-LL,2.8668051495413653,degC
a,Pseudo-observations,15,independent climate-model mean,1,NWN,N.W.North-America,IPSL-CM6A-LR,3.6468293258285365,degC
a,Pseudo-observations,15,independent climate-model mean,1,NWN,N.W.North-America,MIROC-ES2L,1.966894590618726,degC
a,Pseudo-observations,15,independent climate-model mean,1,NWN,N.W.North-America,MIROC6,1.6642854726821292,degC
a,Pseudo-observations,15,independent climate-model mean,1,NWN,N.W.North-America,MPI-ESM1-2-LR,2.361523020105846,degC
a,Pseudo-observations,15,independent climate-model mean,1,NWN,N.W.North-America,MRI-ESM2-0,2.398756119107311,degC
a,Pseudo-observations,15,independent climate-model mean,1,NWN,N.W.North-America,UKESM1-0-LL,2.3513192091541453,degC
a,Pseudo-observations,15,independent climate-model mean,2,NEN,N.E.North-America,ACCESS-CM2,2.32876909822197,degC
a,Pseudo-observations,15,independent climate-model mean,2,NEN,N.E.North-America,ACCESS-ESM1-5,2.37656391718102,degC
a,Pseudo-observations,15,independent climate-model mean,2,NEN,N.E.North-America,CESM2,2.810558786097507,degC
a,Pseudo-observations,15,independent climate-model mean,2,NEN,N.E.North-America,CNRM-CM6-1,2.3681067507116675,degC
a,Pseudo-observations,15,independent climate-model mean,2,NEN,N.E.North-America,CNRM-ESM2-1,2.4269911729238385,degC
a,Pseudo-observations,15,independent climate-model mean,2,NEN,N.E.North-America,CanESM5,4.234302377729821,degC
a,Pseudo-observations,15,independent climate-model mean,2,NEN,N.E.North-America,EC-Earth3-Veg,4.650762199762187,degC
a,Pseudo-observations,15,independent climate-model mean,2,NEN,N.E.North-America,FGOALS-g3,2.5406569184496663,degC
a,Pseudo-observations,15,independent climate-model mean,2,NEN,N.E.North-America,HadGEM3-GC31-LL,3.2087566141047046,degC
a,Pseudo-observations,15,independent climate-model mean,2,NEN,N.E.North-America,IPSL-CM6A-LR,3.458806497706288,degC
a,Pseudo-observations,15,independent climate-model mean,2,NEN,N.E.North-America,MIROC-ES2L,2.3208715378942757,degC
a,Pseudo-observations,15,independent climate-model mean,2,NEN,N.E.North-America,MIROC6,2.3822088995039103,degC
a,Pseudo-observations,15,independent climate-model mean,2,NEN,N.E.North-America,MPI-ESM1-2-LR,2.5759579830994928,degC
a,Pseudo-observations,15,independent climate-model mean,2,NEN,N.E.North-America,MRI-ESM2-0,2.600188416252195,degC
a,Pseudo-observations,15,independent climate-model mean,2,NEN,N.E.North-America,UKESM1-0-LL,2.654387973158925,degC
a,Pseudo-observations,15,independent climate-model mean,3,WNA,W.North-America,ACCESS-CM2,1.6533432179573941,degC
a,Pseudo-observations,15,independent climate-model mean,3,WNA,W.North-America,ACCESS-ESM1-5,1.6000431581734642,degC
a,Pseudo-observations,15,independent climate-model mean,3,WNA,W.North-America,CESM2,1.3432542874623217,degC
a,Pseudo-observations,15,independent climate-model mean,3,WNA,W.North-America,CNRM-CM6-1,1.4859469415208062,degC
a,Pseudo-observations,15,independent climate-model mean,3,WNA,W.North-America,CNRM-ESM2-1,1.112412413884486,degC
a,Pseudo-observations,15,independent climate-model mean,3,WNA,W.North-America,CanESM5,2.225739760063613,degC
a,Pseudo-observations,15,independent climate-model mean,3,WNA,W.North-America,EC-Earth3-Veg,2.1181329778017965,degC
a,Pseudo-observations,15,independent climate-model mean,3,WNA,W.North-America,FGOALS-g3,2.0685864256736717,degC
a,Pseudo-observations,15,independent climate-model mean,3,WNA,W.North-America,HadGEM3-GC31-LL,1.9321476629629233,degC
a,Pseudo-observations,15,independent climate-model mean,3,WNA,W.North-America,IPSL-CM6A-LR,1.789510565408511,degC
a,Pseudo-observations,15,independent climate-model mean,3,WNA,W.North-America,MIROC-ES2L,0.9786134013889933,degC
a,Pseudo-observations,15,independent climate-model mean,3,WNA,W.North-America,MIROC6,1.1698572498578401,degC
a,Pseudo-observations,15,independent climate-model mean,3,WNA,W.North-America,MPI-ESM1-2-LR,1.3329975244239491,degC
a,Pseudo-observations,15,independent climate-model mean,3,WNA,W.North-America,MRI-ESM2-0,1.5453523124817419,degC
a,Pseudo-observations,15,independent climate-model mean,3,WNA,W.North-America,UKESM1-0-LL,1.532824729041044,degC
a,Pseudo-observations,15,independent climate-model mean,4,CNA,C.North-America,ACCESS-CM2,1.5878254281717776,degC
a,Pseudo-observations,15,independent climate-model mean,4,CNA,C.North-America,ACCESS-ESM1-5,1.4957373659213544,degC
a,Pseudo-observations,15,independent climate-model mean,4,CNA,C.North-America,CESM2,1.0144852272277411,degC
a,Pseudo-observations,15,independent climate-model mean,4,CNA,C.North-America,CNRM-CM6-1,1.7399198324859289,degC
a,Pseudo-observations,15,independent climate-model mean,4,CNA,C.North-America,CNRM-ESM2-1,0.3885975885246347,degC
a,Pseudo-observations,15,independent climate-model mean,4,CNA,C.North-America,CanESM5,2.028516451502762,degC
a,Pseudo-observations,15,independent climate-model mean,4,CNA,C.North-America,EC-Earth3-Veg,1.363805971764395,degC
a,Pseudo-observations,15,independent climate-model mean,4,CNA,C.North-America,FGOALS-g3,1.6966684284940028,degC
a,Pseudo-observations,15,independent climate-model mean,4,CNA,C.North-America,HadGEM3-GC31-LL,1.994016189416832,degC
a,Pseudo-observations,15,independent climate-model mean,4,CNA,C.North-America,IPSL-CM6A-LR,1.6107194546995227,degC
a,Pseudo-observations,15,independent climate-model mean,4,CNA,C.North-America,MIROC-ES2L,1.4862962970369822,degC
a,Pseudo-observations,15,independent climate-model mean,4,CNA,C.North-America,MIROC6,1.307530165068445,degC
a,Pseudo-observations,15,independent climate-model mean,4,CNA,C.North-America,MPI-ESM1-2-LR,1.3722544540725945,degC
a,Pseudo-observations,15,independent climate-model mean,4,CNA,C.North-America,MRI-ESM2-0,1.4650289938073862,degC
a,Pseudo-observations,15,independent climate-model mean,4,CNA,C.North-America,UKESM1-0-LL,1.2928245018297826,degC
a,Pseudo-observations,15,independent climate-model mean,5,ENA,E.North-America,ACCESS-CM2,1.4562477852177318,degC
a,Pseudo-observations,15,independent climate-model mean,5,ENA,E.North-America,ACCESS-ESM1-5,1.4236012994776361,degC
a,Pseudo-observations,15,independent climate-model mean,5,ENA,E.North-America,CESM2,1.004381939030209,degC
a,Pseudo-observations,15,independent climate-model mean,5,ENA,E.North-America,CNRM-CM6-1,1.5236341966170326,degC
a,Pseudo-observations,15,independent climate-model mean,5,ENA,E.North-America,CNRM-ESM2-1,1.1085740786870788,degC
a,Pseudo-observations,15,independent climate-model mean,5,ENA,E.North-America,CanESM5,2.0898064664176785,degC
a,Pseudo-observations,15,independent climate-model mean,5,ENA,E.North-America,EC-Earth3-Veg,1.697690431304105,degC
a,Pseudo-observations,15,independent climate-model mean,5,ENA,E.North-America,FGOALS-g3,1.530586412950452,degC
a,Pseudo-observations,15,independent climate-model mean,5,ENA,E.North-America,HadGEM3-GC31-LL,2.0344491662934665,degC
a,Pseudo-observations,15,independent climate-model mean,5,ENA,E.North-America,IPSL-CM6A-LR,1.7721946895809226,degC
a,Pseudo-observations,15,independent climate-model mean,5,ENA,E.North-America,MIROC-ES2L,1.4598077307603126,degC
a,Pseudo-observations,15,independent climate-model mean,5,ENA,E.North-America,MIROC6,1.2303210572434582,degC
a,Pseudo-observations,15,independent climate-model mean,5,ENA,E.North-America,MPI-ESM1-2-LR,1.417292463365687,degC
a,Pseudo-observations,15,independent climate-model mean,5,ENA,E.North-America,MRI-ESM2-0,1.4973592093167947,degC
a,Pseudo-observations,15,independent climate-model mean,5,ENA,E.North-America,UKESM1-0-LL,1.672576155206799,degC
a,Pseudo-observations,15,independent climate-model mean,6,NCA,N.Central-America,ACCESS-CM2,1.4296969091042282,degC
a,Pseudo-observations,15,independent climate-model mean,6,NCA,N.Central-America,ACCESS-ESM1-5,1.2586055447429656,degC
a,Pseudo-observations,15,independent climate-model mean,6,NCA,N.Central-America,CESM2,0.9709481607501741,degC
a,Pseudo-observations,15,independent climate-model mean,6,NCA,N.Central-America,CNRM-CM6-1,1.3526363554706438,degC
a,Pseudo-observations,15,independent climate-model mean,6,NCA,N.Central-America,CNRM-ESM2-1,0.955809358253006,degC
a,Pseudo-observations,15,independent climate-model mean,6,NCA,N.Central-America,CanESM5,1.9301339333996541,degC
a,Pseudo-observations,15,independent climate-model mean,6,NCA,N.Central-America,EC-Earth3-Veg,1.6026269179427286,degC
a,Pseudo-observations,15,independent climate-model mean,6,NCA,N.Central-America,FGOALS-g3,1.3225887959171503,degC
a,Pseudo-observations,15,independent climate-model mean,6,NCA,N.Central-America,HadGEM3-GC31-LL,1.4425304762467899,degC
a,Pseudo-observations,15,independent climate-model mean,6,NCA,N.Central-America,IPSL-CM6A-LR,1.5314505705992734,degC
a,Pseudo-observations,15,independent climate-model mean,6,NCA,N.Central-America,MIROC-ES2L,1.4379753021584207,degC
a,Pseudo-observations,15,independent climate-model mean,6,NCA,N.Central-America,MIROC6,1.3172772403107376,degC
a,Pseudo-observations,15,independent climate-model mean,6,NCA,N.Central-America,MPI-ESM1-2-LR,1.2620696158073856,degC
a,Pseudo-observations,15,independent climate-model mean,6,NCA,N.Central-America,MRI-ESM2-0,1.1493468001295197,degC
a,Pseudo-observations,15,independent climate-model mean,6,NCA,N.Central-America,UKESM1-0-LL,1.2356839544026277,degC
a,Pseudo-observations,15,independent climate-model mean,7,SCA,S.Central-America,ACCESS-CM2,1.1392380257465355,degC
a,Pseudo-observations,15,independent climate-model mean,7,SCA,S.Central-America,ACCESS-ESM1-5,1.2000957219353217,degC
a,Pseudo-observations,15,independent climate-model mean,7,SCA,S.Central-America,CESM2,1.1831288306902858,degC
a,Pseudo-observations,15,independent climate-model mean,7,SCA,S.Central-America,CNRM-CM6-1,1.026749954594717,degC
a,Pseudo-observations,15,independent climate-model mean,7,SCA,S.Central-America,CNRM-ESM2-1,0.9197851089758345,degC
a,Pseudo-observations,15,independent climate-model mean,7,SCA,S.Central-America,CanESM5,1.7840453870474688,degC
a,Pseudo-observations,15,independent climate-model mean,7,SCA,S.Central-America,EC-Earth3-Veg,1.3055815080042936,degC
a,Pseudo-observations,15,independent climate-model mean,7,SCA,S.Central-America,FGOALS-g3,1.2151562934965874,degC
a,Pseudo-observations,15,independent climate-model mean,7,SCA,S.Central-America,HadGEM3-GC31-LL,1.2740178702501546,degC
a,Pseudo-observations,15,independent climate-model mean,7,SCA,S.Central-America,IPSL-CM6A-LR,1.3620291686550983,degC
a,Pseudo-observations,15,independent climate-model mean,7,SCA,S.Central-America,MIROC-ES2L,1.2101245167014552,degC
a,Pseudo-observations,15,independent climate-model mean,7,SCA,S.Central-America,MIROC6,0.9731237064622023,degC
a,Pseudo-observations,15,independent climate-model mean,7,SCA,S.Central-America,MPI-ESM1-2-LR,1.118651341941898,degC
a,Pseudo-observations,15,independent climate-model mean,7,SCA,S.Central-America,MRI-ESM2-0,1.1228225140294708,degC
a,Pseudo-observations,15,independent climate-model mean,7,SCA,S.Central-America,UKESM1-0-LL,1.202138137310312,degC
a,Pseudo-observations,15,independent climate-model mean,8,CAR,Caribbean,ACCESS-CM2,1.0998473802431754,degC
a,Pseudo-observations,15,independent climate-model mean,8,CAR,Caribbean,ACCESS-ESM1-5,1.118628886984105,degC
a,Pseudo-observations,15,independent climate-model mean,8,CAR,Caribbean,CESM2,0.9622001071888442,degC
a,Pseudo-observations,15,independent climate-model mean,8,CAR,Caribbean,CNRM-CM6-1,0.9574576680922248,degC
a,Pseudo-observations,15,independent climate-model mean,8,CAR,Caribbean,CNRM-ESM2-1,0.8720834088387212,degC
a,Pseudo-observations,15,independent climate-model mean,8,CAR,Caribbean,CanESM5,1.5874598917819807,degC
a,Pseudo-observations,15,independent climate-model mean,8,CAR,Caribbean,EC-Earth3-Veg,1.3087659594861416,degC
a,Pseudo-observations,15,independent climate-model mean,8,CAR,Caribbean,FGOALS-g3,1.139227895636089,degC
a,Pseudo-observations,15,independent climate-model mean,8,CAR,Caribbean,HadGEM3-GC31-LL,1.1559256683394283,degC
a,Pseudo-observations,15,independent climate-model mean,8,CAR,Caribbean,IPSL-CM6A-LR,1.2961259868688462,degC
a,Pseudo-observations,15,independent climate-model mean,8,CAR,Caribbean,MIROC-ES2L,0.9707449759941204,degC
a,Pseudo-observations,15,independent climate-model mean,8,CAR,Caribbean,MIROC6,0.8533975462630514,degC
a,Pseudo-observations,15,independent climate-model mean,8,CAR,Caribbean,MPI-ESM1-2-LR,1.059928777594914,degC
a,Pseudo-observations,15,independent climate-model mean,8,CAR,Caribbean,MRI-ESM2-0,1.029974360638538,degC
a,Pseudo-observations,15,independent climate-model mean,8,CAR,Caribbean,UKESM1-0-LL,1.0034968208498587,degC
a,Pseudo-observations,15,independent climate-model mean,9,NWS,N.W.South-America,ACCESS-CM2,1.459344376239511,degC
a,Pseudo-observations,15,independent climate-model mean,9,NWS,N.W.South-America,ACCESS-ESM1-5,1.3701338854345264,degC
a,Pseudo-observations,15,independent climate-model mean,9,NWS,N.W.South-America,CESM2,1.1318015968748807,degC
a,Pseudo-observations,15,independent climate-model mean,9,NWS,N.W.South-America,CNRM-CM6-1,1.1999203027448864,degC
a,Pseudo-observations,15,independent climate-model mean,9,NWS,N.W.South-America,CNRM-ESM2-1,1.1031877897601552,degC
a,Pseudo-observations,15,independent climate-model mean,9,NWS,N.W.South-America,CanESM5,2.493386836058706,degC
a,Pseudo-observations,15,independent climate-model mean,9,NWS,N.W.South-America,EC-Earth3-Veg,1.49364844284597,degC
a,Pseudo-observations,15,independent climate-model mean,9,NWS,N.W.South-America,FGOALS-g3,1.367152617581926,degC
a,Pseudo-observations,15,independent climate-model mean,9,NWS,N.W.South-America,HadGEM3-GC31-LL,1.4972901994170147,degC
a,Pseudo-observations,15,independent climate-model mean,9,NWS,N.W.South-America,IPSL-CM6A-LR,1.638432100371441,degC
a,Pseudo-observations,15,independent climate-model mean,9,NWS,N.W.South-America,MIROC-ES2L,1.1888749037848596,degC
a,Pseudo-observations,15,independent climate-model mean,9,NWS,N.W.South-America,MIROC6,1.0138491099638856,degC
a,Pseudo-observations,15,independent climate-model mean,9,NWS,N.W.South-America,MPI-ESM1-2-LR,1.3154190356057205,degC
a,Pseudo-observations,15,independent climate-model mean,9,NWS,N.W.South-America,MRI-ESM2-0,1.113834823521544,degC
a,Pseudo-observations,15,independent climate-model mean,9,NWS,N.W.South-America,UKESM1-0-LL,1.4191669124655861,degC
a,Pseudo-observations,15,independent climate-model mean,10,NSA,N.South-America,ACCESS-CM2,1.7480232336693877,degC
a,Pseudo-observations,15,independent climate-model mean,10,NSA,N.South-America,ACCESS-ESM1-5,1.7135209323153526,degC
a,Pseudo-observations,15,independent climate-model mean,10,NSA,N.South-America,CESM2,1.147600795773696,degC
a,Pseudo-observations,15,independent climate-model mean,10,NSA,N.South-America,CNRM-CM6-1,1.2864470994617676,degC
a,Pseudo-observations,15,independent climate-model mean,10,NSA,N.South-America,CNRM-ESM2-1,1.3946416092068938,degC
a,Pseudo-observations,15,independent climate-model mean,10,NSA,N.South-America,CanESM5,3.17369510950558,degC
a,Pseudo-observations,15,independent climate-model mean,10,NSA,N.South-America,EC-Earth3-Veg,1.7797859532603082,degC
a,Pseudo-observations,15,independent climate-model mean,10,NSA,N.South-America,FGOALS-g3,1.4913208694830506,degC
a,Pseudo-observations,15,independent climate-model mean,10,NSA,N.South-America,HadGEM3-GC31-LL,1.8971558368738066,degC
a,Pseudo-observations,15,independent climate-model mean,10,NSA,N.South-America,IPSL-CM6A-LR,1.746755428411408,degC
a,Pseudo-observations,15,independent climate-model mean,10,NSA,N.South-America,MIROC-ES2L,1.3281122405348587,degC
a,Pseudo-observations,15,independent climate-model mean,10,NSA,N.South-America,MIROC6,1.1047879843184205,degC
a,Pseudo-observations,15,independent climate-model mean,10,NSA,N.South-America,MPI-ESM1-2-LR,1.2919230984002905,degC
a,Pseudo-observations,15,independent climate-model mean,10,NSA,N.South-America,MRI-ESM2-0,1.3399665006876706,degC
a,Pseudo-observations,15,independent climate-model mean,10,NSA,N.South-America,UKESM1-0-LL,1.8587794227173926,degC
a,Pseudo-observations,15,independent climate-model mean,11,NES,N.E.South-America,ACCESS-CM2,1.370449528207467,degC
a,Pseudo-observations,15,independent climate-model mean,11,NES,N.E.South-America,ACCESS-ESM1-5,1.2960976060981066,degC
a,Pseudo-observations,15,independent climate-model mean,11,NES,N.E.South-America,CESM2,1.5030030042917408,degC
a,Pseudo-observations,15,independent climate-model mean,11,NES,N.E.South-America,CNRM-CM6-1,1.1672401793403215,degC
a,Pseudo-observations,15,independent climate-model mean,11,NES,N.E.South-America,CNRM-ESM2-1,1.0400055644344333,degC
a,Pseudo-observations,15,independent climate-model mean,11,NES,N.E.South-America,CanESM5,2.1942951193655875,degC
a,Pseudo-observations,15,independent climate-model mean,11,NES,N.E.South-America,EC-Earth3-Veg,1.4531189355350513,degC
a,Pseudo-observations,15,independent climate-model mean,11,NES,N.E.South-America,FGOALS-g3,1.5560852324145518,degC
a,Pseudo-observations,15,independent climate-model mean,11,NES,N.E.South-America,HadGEM3-GC31-LL,1.360504096178717,degC
a,Pseudo-observations,15,independent climate-model mean,11,NES,N.E.South-America,IPSL-CM6A-LR,1.5294622796367954,degC
a,Pseudo-observations,15,independent climate-model mean,11,NES,N.E.South-America,MIROC-ES2L,1.0888309613940745,degC
a,Pseudo-observations,15,independent climate-model mean,11,NES,N.E.South-America,MIROC6,0.9942066389890599,degC
a,Pseudo-observations,15,independent climate-model mean,11,NES,N.E.South-America,MPI-ESM1-2-LR,1.2221966751155036,degC
a,Pseudo-observations,15,independent climate-model mean,11,NES,N.E.South-America,MRI-ESM2-0,1.4445714676150743,degC
a,Pseudo-observations,15,independent climate-model mean,11,NES,N.E.South-America,UKESM1-0-LL,1.3324339358927435,degC
a,Pseudo-observations,15,independent climate-model mean,12,SAM,South-American-Monsoon,ACCESS-CM2,1.627100708236183,degC
a,Pseudo-observations,15,independent climate-model mean,12,SAM,South-American-Monsoon,ACCESS-ESM1-5,1.644361810827551,degC
a,Pseudo-observations,15,independent climate-model mean,12,SAM,South-American-Monsoon,CESM2,1.9864515611686786,degC
a,Pseudo-observations,15,independent climate-model mean,12,SAM,South-American-Monsoon,CNRM-CM6-1,1.3394178599008597,degC
a,Pseudo-observations,15,independent climate-model mean,12,SAM,South-American-Monsoon,CNRM-ESM2-1,1.4295449130867375,degC
a,Pseudo-observations,15,independent climate-model mean,12,SAM,South-American-Monsoon,CanESM5,3.220876990832133,degC
a,Pseudo-observations,15,independent climate-model mean,12,SAM,South-American-Monsoon,EC-Earth3-Veg,1.8350105546387738,degC
a,Pseudo-observations,15,independent climate-model mean,12,SAM,South-American-Monsoon,FGOALS-g3,1.977051871937288,degC
a,Pseudo-observations,15,independent climate-model mean,12,SAM,South-American-Monsoon,HadGEM3-GC31-LL,1.7127698387083659,degC
a,Pseudo-observations,15,independent climate-model mean,12,SAM,South-American-Monsoon,IPSL-CM6A-LR,1.9216116241676098,degC
a,Pseudo-observations,15,independent climate-model mean,12,SAM,South-American-Monsoon,MIROC-ES2L,1.7417448634668056,degC
a,Pseudo-observations,15,independent climate-model mean,12,SAM,South-American-Monsoon,MIROC6,1.3423648630707963,degC
a,Pseudo-observations,15,independent climate-model mean,12,SAM,South-American-Monsoon,MPI-ESM1-2-LR,1.3930603483975694,degC
a,Pseudo-observations,15,independent climate-model mean,12,SAM,South-American-Monsoon,MRI-ESM2-0,1.8234113191921393,degC
a,Pseudo-observations,15,independent climate-model mean,12,SAM,South-American-Monsoon,UKESM1-0-LL,1.6820938834110546,degC
a,Pseudo-observations,15,independent climate-model mean,13,SWS,S.W.South-America,ACCESS-CM2,1.1803096416685517,degC
a,Pseudo-observations,15,independent climate-model mean,13,SWS,S.W.South-America,ACCESS-ESM1-5,1.0473906255122936,degC
a,Pseudo-observations,15,independent climate-model mean,13,SWS,S.W.South-America,CESM2,0.9536255492197848,degC
a,Pseudo-observations,15,independent climate-model mean,13,SWS,S.W.South-America,CNRM-CM6-1,1.062008502803503,degC
a,Pseudo-observations,15,independent climate-model mean,13,SWS,S.W.South-America,CNRM-ESM2-1,0.9586056466558026,degC
a,Pseudo-observations,15,independent climate-model mean,13,SWS,S.W.South-America,CanESM5,2.0225905012153507,degC
a,Pseudo-observations,15,independent climate-model mean,13,SWS,S.W.South-America,EC-Earth3-Veg,1.1396198269500266,degC
a,Pseudo-observations,15,independent climate-model mean,13,SWS,S.W.South-America,FGOALS-g3,1.3061520690591422,degC
a,Pseudo-observations,15,independent climate-model mean,13,SWS,S.W.South-America,HadGEM3-GC31-LL,1.2760539740277392,degC
a,Pseudo-observations,15,independent climate-model mean,13,SWS,S.W.South-America,IPSL-CM6A-LR,1.2186830213697883,degC
a,Pseudo-observations,15,independent climate-model mean,13,SWS,S.W.South-America,MIROC-ES2L,1.0497690691827872,degC
a,Pseudo-observations,15,independent climate-model mean,13,SWS,S.W.South-America,MIROC6,0.8397162365166446,degC
a,Pseudo-observations,15,independent climate-model mean,13,SWS,S.W.South-America,MPI-ESM1-2-LR,0.9876366475130053,degC
a,Pseudo-observations,15,independent climate-model mean,13,SWS,S.W.South-America,MRI-ESM2-0,0.9009396357786281,degC
a,Pseudo-observations,15,independent climate-model mean,13,SWS,S.W.South-America,UKESM1-0-LL,1.1696903501359297,degC
a,Pseudo-observations,15,independent climate-model mean,14,SES,S.E.South-America,ACCESS-CM2,1.1555367347879724,degC
a,Pseudo-observations,15,independent climate-model mean,14,SES,S.E.South-America,ACCESS-ESM1-5,1.177056444804631,degC
a,Pseudo-observations,15,independent climate-model mean,14,SES,S.E.South-America,CESM2,1.4307502583133676,degC
a,Pseudo-observations,15,independent climate-model mean,14,SES,S.E.South-America,CNRM-CM6-1,1.0802777787655533,degC
a,Pseudo-observations,15,independent climate-model mean,14,SES,S.E.South-America,CNRM-ESM2-1,0.7104965370840007,degC
a,Pseudo-observations,15,independent climate-model mean,14,SES,S.E.South-America,CanESM5,1.9758987313419958,degC
a,Pseudo-observations,15,independent climate-model mean,14,SES,S.E.South-America,EC-Earth3-Veg,1.205686399847722,degC
a,Pseudo-observations,15,independent climate-model mean,14,SES,S.E.South-America,FGOALS-g3,1.208570451904392,degC
a,Pseudo-observations,15,independent climate-model mean,14,SES,S.E.South-America,HadGEM3-GC31-LL,1.293984456047636,degC
a,Pseudo-observations,15,independent climate-model mean,14,SES,S.E.South-America,IPSL-CM6A-LR,1.4135931617170154,degC
a,Pseudo-observations,15,independent climate-model mean,14,SES,S.E.South-America,MIROC-ES2L,0.9410079040073289,degC
a,Pseudo-observations,15,independent climate-model mean,14,SES,S.E.South-America,MIROC6,0.7966675039620807,degC
a,Pseudo-observations,15,independent climate-model mean,14,SES,S.E.South-America,MPI-ESM1-2-LR,1.0320974069164592,degC
a,Pseudo-observations,15,independent climate-model mean,14,SES,S.E.South-America,MRI-ESM2-0,1.2193784296188446,degC
a,Pseudo-observations,15,independent climate-model mean,14,SES,S.E.South-America,UKESM1-0-LL,1.1050395069305006,degC
a,Pseudo-observations,15,independent climate-model mean,15,SSA,S.South-America,ACCESS-CM2,0.9209052669221207,degC
a,Pseudo-observations,15,independent climate-model mean,15,SSA,S.South-America,ACCESS-ESM1-5,0.7348913164971007,degC
a,Pseudo-observations,15,independent climate-model mean,15,SSA,S.South-America,CESM2,0.8747866495856598,degC
a,Pseudo-observations,15,independent climate-model mean,15,SSA,S.South-America,CNRM-CM6-1,1.0385043999513237,degC
a,Pseudo-observations,15,independent climate-model mean,15,SSA,S.South-America,CNRM-ESM2-1,0.888226652158429,degC
a,Pseudo-observations,15,independent climate-model mean,15,SSA,S.South-America,CanESM5,1.3171871918711444,degC
a,Pseudo-observations,15,independent climate-model mean,15,SSA,S.South-America,EC-Earth3-Veg,1.016412598193982,degC
a,Pseudo-observations,15,independent climate-model mean,15,SSA,S.South-America,FGOALS-g3,0.9371948502960091,degC
a,Pseudo-observations,15,independent climate-model mean,15,SSA,S.South-America,HadGEM3-GC31-LL,1.0055296389626793,degC
a,Pseudo-observations,15,independent climate-model mean,15,SSA,S.South-America,IPSL-CM6A-LR,0.9978023213203331,degC
a,Pseudo-observations,15,independent climate-model mean,15,SSA,S.South-America,MIROC-ES2L,0.736754090242154,degC
a,Pseudo-observations,15,independent climate-model mean,15,SSA,S.South-America,MIROC6,0.5099834601146771,degC
a,Pseudo-observations,15,independent climate-model mean,15,SSA,S.South-America,MPI-ESM1-2-LR,0.7418111828315922,degC
a,Pseudo-observations,15,independent climate-model mean,15,SSA,S.South-America,MRI-ESM2-0,0.6623211951945694,degC
a,Pseudo-observations,15,independent climate-model mean,15,SSA,S.South-America,UKESM1-0-LL,0.8124348969163927,degC
a,Pseudo-observations,15,independent climate-model mean,16,NEU,N.Europe,ACCESS-CM2,1.7681099363560995,degC
a,Pseudo-observations,15,independent climate-model mean,16,NEU,N.Europe,ACCESS-ESM1-5,1.1971858162511244,degC
a,Pseudo-observations,15,independent climate-model mean,16,NEU,N.Europe,CESM2,0.9318429474343631,degC
a,Pseudo-observations,15,independent climate-model mean,16,NEU,N.Europe,CNRM-CM6-1,1.9582004681619845,degC
a,Pseudo-observations,15,independent climate-model mean,16,NEU,N.Europe,CNRM-ESM2-1,1.58312270511714,degC
a,Pseudo-observations,15,independent climate-model mean,16,NEU,N.Europe,CanESM5,2.523959944811239,degC
a,Pseudo-observations,15,independent climate-model mean,16,NEU,N.Europe,EC-Earth3-Veg,4.277768671366917,degC
a,Pseudo-observations,15,independent climate-model mean,16,NEU,N.Europe,FGOALS-g3,2.4553386007430817,degC
a,Pseudo-observations,15,independent climate-model mean,16,NEU,N.Europe,HadGEM3-GC31-LL,2.333751138354289,degC
a,Pseudo-observations,15,independent climate-model mean,16,NEU,N.Europe,IPSL-CM6A-LR,1.9573032144672677,degC
a,Pseudo-observations,15,independent climate-model mean,16,NEU,N.Europe,MIROC-ES2L,1.4553838744521768,degC
a,Pseudo-observations,15,independent climate-model mean,16,NEU,N.Europe,MIROC6,1.380908871399491,degC
a,Pseudo-observations,15,independent climate-model mean,16,NEU,N.Europe,MPI-ESM1-2-LR,1.6280305582507062,degC
a,Pseudo-observations,15,independent climate-model mean,16,NEU,N.Europe,MRI-ESM2-0,1.7315098512389804,degC
a,Pseudo-observations,15,independent climate-model mean,16,NEU,N.Europe,UKESM1-0-LL,1.8768818966349456,degC
a,Pseudo-observations,15,independent climate-model mean,17,WCE,West&Central-Europe,ACCESS-CM2,1.7752081123032017,degC
a,Pseudo-observations,15,independent climate-model mean,17,WCE,West&Central-Europe,ACCESS-ESM1-5,1.552454728053309,degC
a,Pseudo-observations,15,independent climate-model mean,17,WCE,West&Central-Europe,CESM2,1.118007138267185,degC
a,Pseudo-observations,15,independent climate-model mean,17,WCE,West&Central-Europe,CNRM-CM6-1,1.7668799560954878,degC
a,Pseudo-observations,15,independent climate-model mean,17,WCE,West&Central-Europe,CNRM-ESM2-1,1.5598435780244897,degC
a,Pseudo-observations,15,independent climate-model mean,17,WCE,West&Central-Europe,CanESM5,2.4581986893024363,degC
a,Pseudo-observations,15,independent climate-model mean,17,WCE,West&Central-Europe,EC-Earth3-Veg,2.625836363069767,degC
a,Pseudo-observations,15,independent climate-model mean,17,WCE,West&Central-Europe,FGOALS-g3,1.6418076763379095,degC
a,Pseudo-observations,15,independent climate-model mean,17,WCE,West&Central-Europe,HadGEM3-GC31-LL,2.1259769944569906,degC
a,Pseudo-observations,15,independent climate-model mean,17,WCE,West&Central-Europe,IPSL-CM6A-LR,2.036619985400846,degC
a,Pseudo-observations,15,independent climate-model mean,17,WCE,West&Central-Europe,MIROC-ES2L,1.365787760111756,degC
a,Pseudo-observations,15,independent climate-model mean,17,WCE,West&Central-Europe,MIROC6,1.24914640328029,degC
a,Pseudo-observations,15,independent climate-model mean,17,WCE,West&Central-Europe,MPI-ESM1-2-LR,1.3820213780377848,degC
a,Pseudo-observations,15,independent climate-model mean,17,WCE,West&Central-Europe,MRI-ESM2-0,1.5296692641406227,degC
a,Pseudo-observations,15,independent climate-model mean,17,WCE,West&Central-Europe,UKESM1-0-LL,1.9560751349885932,degC
a,Pseudo-observations,15,independent climate-model mean,18,EEU,E.Europe,ACCESS-CM2,1.8918661478537508,degC
a,Pseudo-observations,15,independent climate-model mean,18,EEU,E.Europe,ACCESS-ESM1-5,1.9419263041128847,degC
a,Pseudo-observations,15,independent climate-model mean,18,EEU,E.Europe,CESM2,1.4001277076370766,degC
a,Pseudo-observations,15,independent climate-model mean,18,EEU,E.Europe,CNRM-CM6-1,1.925315381286384,degC
a,Pseudo-observations,15,independent climate-model mean,18,EEU,E.Europe,CNRM-ESM2-1,1.8094957703595782,degC
a,Pseudo-observations,15,independent climate-model mean,18,EEU,E.Europe,CanESM5,2.711498581297524,degC
a,Pseudo-observations,15,independent climate-model mean,18,EEU,E.Europe,EC-Earth3-Veg,3.0333805570404526,degC
a,Pseudo-observations,15,independent climate-model mean,18,EEU,E.Europe,FGOALS-g3,2.2606111078764504,degC
a,Pseudo-observations,15,independent climate-model mean,18,EEU,E.Europe,HadGEM3-GC31-LL,2.3475457864757567,degC
a,Pseudo-observations,15,independent climate-model mean,18,EEU,E.Europe,IPSL-CM6A-LR,2.5351049817884257,degC
a,Pseudo-observations,15,independent climate-model mean,18,EEU,E.Europe,MIROC-ES2L,1.5677391314049185,degC
a,Pseudo-observations,15,independent climate-model mean,18,EEU,E.Europe,MIROC6,1.5914843697571108,degC
a,Pseudo-observations,15,independent climate-model mean,18,EEU,E.Europe,MPI-ESM1-2-LR,2.048598306571766,degC
a,Pseudo-observations,15,independent climate-model mean,18,EEU,E.Europe,MRI-ESM2-0,1.612873666365541,degC
a,Pseudo-observations,15,independent climate-model mean,18,EEU,E.Europe,UKESM1-0-LL,1.9363440129630056,degC
a,Pseudo-observations,15,independent climate-model mean,19,MED,Mediterranean,ACCESS-CM2,1.5690457438160894,degC
a,Pseudo-observations,15,independent climate-model mean,19,MED,Mediterranean,ACCESS-ESM1-5,1.4677593029034541,degC
a,Pseudo-observations,15,independent climate-model mean,19,MED,Mediterranean,CESM2,1.11422129386035,degC
a,Pseudo-observations,15,independent climate-model mean,19,MED,Mediterranean,CNRM-CM6-1,1.2533432679962249,degC
a,Pseudo-observations,15,independent climate-model mean,19,MED,Mediterranean,CNRM-ESM2-1,1.0211997712106224,degC
a,Pseudo-observations,15,independent climate-model mean,19,MED,Mediterranean,CanESM5,2.2585013198659554,degC
a,Pseudo-observations,15,independent climate-model mean,19,MED,Mediterranean,EC-Earth3-Veg,2.0349871907893866,degC
a,Pseudo-observations,15,independent climate-model mean,19,MED,Mediterranean,FGOALS-g3,1.3797737103730272,degC
a,Pseudo-observations,15,independent climate-model mean,19,MED,Mediterranean,HadGEM3-GC31-LL,1.6678439992090273,degC
a,Pseudo-observations,15,independent climate-model mean,19,MED,Mediterranean,IPSL-CM6A-LR,1.7839871588544582,degC
a,Pseudo-observations,15,independent climate-model mean,19,MED,Mediterranean,MIROC-ES2L,1.4015599009759019,degC
a,Pseudo-observations,15,independent climate-model mean,19,MED,Mediterranean,MIROC6,1.1354152157250648,degC
a,Pseudo-observations,15,independent climate-model mean,19,MED,Mediterranean,MPI-ESM1-2-LR,1.280073113952317,degC
a,Pseudo-observations,15,independent climate-model mean,19,MED,Mediterranean,MRI-ESM2-0,1.2619986230509033,degC
a,Pseudo-observations,15,independent climate-model mean,19,MED,Mediterranean,UKESM1-0-LL,1.394860314604772,degC
a,Pseudo-observations,15,independent climate-model mean,20,SAH,Sahara,ACCESS-CM2,1.9551190219933148,degC
a,Pseudo-observations,15,independent climate-model mean,20,SAH,Sahara,ACCESS-ESM1-5,1.8562814637523317,degC
a,Pseudo-observations,15,independent climate-model mean,20,SAH,Sahara,CESM2,1.6241469412018672,degC
a,Pseudo-observations,15,independent climate-model mean,20,SAH,Sahara,CNRM-CM6-1,1.4662971541388405,degC
a,Pseudo-observations,15,independent climate-model mean,20,SAH,Sahara,CNRM-ESM2-1,1.43199191909906,degC
a,Pseudo-observations,15,independent climate-model mean,20,SAH,Sahara,CanESM5,2.8193866914171846,degC
a,Pseudo-observations,15,independent climate-model mean,20,SAH,Sahara,EC-Earth3-Veg,2.398151439648418,degC
a,Pseudo-observations,15,independent climate-model mean,20,SAH,Sahara,FGOALS-g3,1.7564589300798792,degC
a,Pseudo-observations,15,independent climate-model mean,20,SAH,Sahara,HadGEM3-GC31-LL,1.8795449263761157,degC
a,Pseudo-observations,15,independent climate-model mean,20,SAH,Sahara,IPSL-CM6A-LR,2.092663741486651,degC
a,Pseudo-observations,15,independent climate-model mean,20,SAH,Sahara,MIROC-ES2L,1.7683127648282522,degC
a,Pseudo-observations,15,independent climate-model mean,20,SAH,Sahara,MIROC6,1.4218400009004537,degC
a,Pseudo-observations,15,independent climate-model mean,20,SAH,Sahara,MPI-ESM1-2-LR,1.6393775660636074,degC
a,Pseudo-observations,15,independent climate-model mean,20,SAH,Sahara,MRI-ESM2-0,1.533770721402371,degC
a,Pseudo-observations,15,independent climate-model mean,20,SAH,Sahara,UKESM1-0-LL,1.6941773622333178,degC
a,Pseudo-observations,15,independent climate-model mean,21,WAF,Western-Africa,ACCESS-CM2,1.410903206294343,degC
a,Pseudo-observations,15,independent climate-model mean,21,WAF,Western-Africa,ACCESS-ESM1-5,1.3521131356964273,degC
a,Pseudo-observations,15,independent climate-model mean,21,WAF,Western-Africa,CESM2,1.456795422531787,degC
a,Pseudo-observations,15,independent climate-model mean,21,WAF,Western-Africa,CNRM-CM6-1,1.032152528686403,degC
a,Pseudo-observations,15,independent climate-model mean,21,WAF,Western-Africa,CNRM-ESM2-1,1.0016700743085518,degC
a,Pseudo-observations,15,independent climate-model mean,21,WAF,Western-Africa,CanESM5,1.797219364888554,degC
a,Pseudo-observations,15,independent climate-model mean,21,WAF,Western-Africa,EC-Earth3-Veg,1.344954350235317,degC
a,Pseudo-observations,15,independent climate-model mean,21,WAF,Western-Africa,FGOALS-g3,1.5103846734406066,degC
a,Pseudo-observations,15,independent climate-model mean,21,WAF,Western-Africa,HadGEM3-GC31-LL,1.027505631093975,degC
a,Pseudo-observations,15,independent climate-model mean,21,WAF,Western-Africa,IPSL-CM6A-LR,1.7022504319981808,degC
a,Pseudo-observations,15,independent climate-model mean,21,WAF,Western-Africa,MIROC-ES2L,1.4862317716125066,degC
a,Pseudo-observations,15,independent climate-model mean,21,WAF,Western-Africa,MIROC6,1.0551458762296761,degC
a,Pseudo-observations,15,independent climate-model mean,21,WAF,Western-Africa,MPI-ESM1-2-LR,0.8561005527888366,degC
a,Pseudo-observations,15,independent climate-model mean,21,WAF,Western-Africa,MRI-ESM2-0,1.1203127729360773,degC
a,Pseudo-observations,15,independent climate-model mean,21,WAF,Western-Africa,UKESM1-0-LL,1.208268594629262,degC
a,Pseudo-observations,15,independent climate-model mean,22,CAF,Central-Africa,ACCESS-CM2,1.5983834043482787,degC
a,Pseudo-observations,15,independent climate-model mean,22,CAF,Central-Africa,ACCESS-ESM1-5,1.4370278059307713,degC
a,Pseudo-observations,15,independent climate-model mean,22,CAF,Central-Africa,CESM2,1.2066134668255744,degC
a,Pseudo-observations,15,independent climate-model mean,22,CAF,Central-Africa,CNRM-CM6-1,1.1443640452321933,degC
a,Pseudo-observations,15,independent climate-model mean,22,CAF,Central-Africa,CNRM-ESM2-1,1.0966921576564534,degC
a,Pseudo-observations,15,independent climate-model mean,22,CAF,Central-Africa,CanESM5,2.076372789450076,degC
a,Pseudo-observations,15,independent climate-model mean,22,CAF,Central-Africa,EC-Earth3-Veg,0.9926608744007983,degC
a,Pseudo-observations,15,independent climate-model mean,22,CAF,Central-Africa,FGOALS-g3,1.3635255267864113,degC
a,Pseudo-observations,15,independent climate-model mean,22,CAF,Central-Africa,HadGEM3-GC31-LL,1.4929469660672634,degC
a,Pseudo-observations,15,independent climate-model mean,22,CAF,Central-Africa,IPSL-CM6A-LR,1.7362355885608565,degC
a,Pseudo-observations,15,independent climate-model mean,22,CAF,Central-Africa,MIROC-ES2L,1.1136641403885408,degC
a,Pseudo-observations,15,independent climate-model mean,22,CAF,Central-Africa,MIROC6,1.0785438962421408,degC
a,Pseudo-observations,15,independent climate-model mean,22,CAF,Central-Africa,MPI-ESM1-2-LR,0.791364078288772,degC
a,Pseudo-observations,15,independent climate-model mean,22,CAF,Central-Africa,MRI-ESM2-0,1.0987746775478142,degC
a,Pseudo-observations,15,independent climate-model mean,22,CAF,Central-Africa,UKESM1-0-LL,1.4400137366781764,degC
a,Pseudo-observations,15,independent climate-model mean,23,NEAF,N.Eastern-Africa,ACCESS-CM2,1.4627391068651188,degC
a,Pseudo-observations,15,independent climate-model mean,23,NEAF,N.Eastern-Africa,ACCESS-ESM1-5,1.3226475377457476,degC
a,Pseudo-observations,15,independent climate-model mean,23,NEAF,N.Eastern-Africa,CESM2,1.1878370520193198,degC
a,Pseudo-observations,15,independent climate-model mean,23,NEAF,N.Eastern-Africa,CNRM-CM6-1,1.2818154404813755,degC
a,Pseudo-observations,15,independent climate-model mean,23,NEAF,N.Eastern-Africa,CNRM-ESM2-1,1.185380955187563,degC
a,Pseudo-observations,15,independent climate-model mean,23,NEAF,N.Eastern-Africa,CanESM5,2.106036815123991,degC
a,Pseudo-observations,15,independent climate-model mean,23,NEAF,N.Eastern-Africa,EC-Earth3-Veg,1.2343037469206442,degC
a,Pseudo-observations,15,independent climate-model mean,23,NEAF,N.Eastern-Africa,FGOALS-g3,1.5135715133770018,degC
a,Pseudo-observations,15,independent climate-model mean,23,NEAF,N.Eastern-Africa,HadGEM3-GC31-LL,1.3051351154950568,degC
a,Pseudo-observations,15,independent climate-model mean,23,NEAF,N.Eastern-Africa,IPSL-CM6A-LR,1.691730085440719,degC
a,Pseudo-observations,15,independent climate-model mean,23,NEAF,N.Eastern-Africa,MIROC-ES2L,1.1433598054776832,degC
a,Pseudo-observations,15,independent climate-model mean,23,NEAF,N.Eastern-Africa,MIROC6,0.9781718630921165,degC
a,Pseudo-observations,15,independent climate-model mean,23,NEAF,N.Eastern-Africa,MPI-ESM1-2-LR,1.3959071050847156,degC
a,Pseudo-observations,15,independent climate-model mean,23,NEAF,N.Eastern-Africa,MRI-ESM2-0,1.1442255101708259,degC
a,Pseudo-observations,15,independent climate-model mean,23,NEAF,N.Eastern-Africa,UKESM1-0-LL,1.2975873750859546,degC
a,Pseudo-observations,15,independent climate-model mean,24,SEAF,S.Eastern-Africa,ACCESS-CM2,1.4371800544661555,degC
a,Pseudo-observations,15,independent climate-model mean,24,SEAF,S.Eastern-Africa,ACCESS-ESM1-5,1.2610224429204648,degC
a,Pseudo-observations,15,independent climate-model mean,24,SEAF,S.Eastern-Africa,CESM2,1.183635851934084,degC
a,Pseudo-observations,15,independent climate-model mean,24,SEAF,S.Eastern-Africa,CNRM-CM6-1,1.2171340208359442,degC
a,Pseudo-observations,15,independent climate-model mean,24,SEAF,S.Eastern-Africa,CNRM-ESM2-1,1.1235347342077324,degC
a,Pseudo-observations,15,independent climate-model mean,24,SEAF,S.Eastern-Africa,CanESM5,1.9431451068529952,degC
a,Pseudo-observations,15,independent climate-model mean,24,SEAF,S.Eastern-Africa,EC-Earth3-Veg,1.1048352388121288,degC
a,Pseudo-observations,15,independent climate-model mean,24,SEAF,S.Eastern-Africa,FGOALS-g3,1.3192074946079826,degC
a,Pseudo-observations,15,independent climate-model mean,24,SEAF,S.Eastern-Africa,HadGEM3-GC31-LL,1.2513376651015908,degC
a,Pseudo-observations,15,independent climate-model mean,24,SEAF,S.Eastern-Africa,IPSL-CM6A-LR,1.6288592563880506,degC
a,Pseudo-observations,15,independent climate-model mean,24,SEAF,S.Eastern-Africa,MIROC-ES2L,1.1886920969915586,degC
a,Pseudo-observations,15,independent climate-model mean,24,SEAF,S.Eastern-Africa,MIROC6,1.1190681309432102,degC
a,Pseudo-observations,15,independent climate-model mean,24,SEAF,S.Eastern-Africa,MPI-ESM1-2-LR,1.0999523583938442,degC
a,Pseudo-observations,15,independent climate-model mean,24,SEAF,S.Eastern-Africa,MRI-ESM2-0,1.0783997251624804,degC
a,Pseudo-observations,15,independent climate-model mean,24,SEAF,S.Eastern-Africa,UKESM1-0-LL,1.2926458297713055,degC
a,Pseudo-observations,15,independent climate-model mean,25,WSAF,W.Southern-Africa,ACCESS-CM2,1.5144035614192355,degC
a,Pseudo-observations,15,independent climate-model mean,25,WSAF,W.Southern-Africa,ACCESS-ESM1-5,1.3749115632868874,degC
a,Pseudo-observations,15,independent climate-model mean,25,WSAF,W.Southern-Africa,CESM2,1.4202963102126789,degC
a,Pseudo-observations,15,independent climate-model mean,25,WSAF,W.Southern-Africa,CNRM-CM6-1,1.4310079870189523,degC
a,Pseudo-observations,15,independent climate-model mean,25,WSAF,W.Southern-Africa,CNRM-ESM2-1,1.198953658085102,degC
a,Pseudo-observations,15,independent climate-model mean,25,WSAF,W.Southern-Africa,CanESM5,2.220435428527914,degC
a,Pseudo-observations,15,independent climate-model mean,25,WSAF,W.Southern-Africa,EC-Earth3-Veg,1.519916276044283,degC
a,Pseudo-observations,15,independent climate-model mean,25,WSAF,W.Southern-Africa,FGOALS-g3,1.4740246462486644,degC
a,Pseudo-observations,15,independent climate-model mean,25,WSAF,W.Southern-Africa,HadGEM3-GC31-LL,1.5421968255703724,degC
a,Pseudo-observations,15,independent climate-model mean,25,WSAF,W.Southern-Africa,IPSL-CM6A-LR,1.5408811255720414,degC
a,Pseudo-observations,15,independent climate-model mean,25,WSAF,W.Southern-Africa,MIROC-ES2L,1.195565321933154,degC
a,Pseudo-observations,15,independent climate-model mean,25,WSAF,W.Southern-Africa,MIROC6,0.9738059590856887,degC
a,Pseudo-observations,15,independent climate-model mean,25,WSAF,W.Southern-Africa,MPI-ESM1-2-LR,1.2650757068289746,degC
a,Pseudo-observations,15,independent climate-model mean,25,WSAF,W.Southern-Africa,MRI-ESM2-0,1.2605278334788979,degC
a,Pseudo-observations,15,independent climate-model mean,25,WSAF,W.Southern-Africa,UKESM1-0-LL,1.4518531343422163,degC
a,Pseudo-observations,15,independent climate-model mean,26,ESAF,E.Southern-Africa,ACCESS-CM2,1.3485239009983052,degC
a,Pseudo-observations,15,independent climate-model mean,26,ESAF,E.Southern-Africa,ACCESS-ESM1-5,1.362192103172075,degC
a,Pseudo-observations,15,independent climate-model mean,26,ESAF,E.Southern-Africa,CESM2,1.260395261779794,degC
a,Pseudo-observations,15,independent climate-model mean,26,ESAF,E.Southern-Africa,CNRM-CM6-1,1.3206564336645066,degC
a,Pseudo-observations,15,independent climate-model mean,26,ESAF,E.Southern-Africa,CNRM-ESM2-1,1.2875028024918278,degC
a,Pseudo-observations,15,independent climate-model mean,26,ESAF,E.Southern-Africa,CanESM5,2.075084868866249,degC
a,Pseudo-observations,15,independent climate-model mean,26,ESAF,E.Southern-Africa,EC-Earth3-Veg,1.4520507636148976,degC
a,Pseudo-observations,15,independent climate-model mean,26,ESAF,E.Southern-Africa,FGOALS-g3,1.3784660612839155,degC
a,Pseudo-observations,15,independent climate-model mean,26,ESAF,E.Southern-Africa,HadGEM3-GC31-LL,1.2393407937880638,degC
a,Pseudo-observations,15,independent climate-model mean,26,ESAF,E.Southern-Africa,IPSL-CM6A-LR,1.5148922040949293,degC
a,Pseudo-observations,15,independent climate-model mean,26,ESAF,E.Southern-Africa,MIROC-ES2L,1.441885504150905,degC
a,Pseudo-observations,15,independent climate-model mean,26,ESAF,E.Southern-Africa,MIROC6,1.20092949012285,degC
a,Pseudo-observations,15,independent climate-model mean,26,ESAF,E.Southern-Africa,MPI-ESM1-2-LR,1.1792043391981017,degC
a,Pseudo-observations,15,independent climate-model mean,26,ESAF,E.Southern-Africa,MRI-ESM2-0,1.11026494920929,degC
a,Pseudo-observations,15,independent climate-model mean,26,ESAF,E.Southern-Africa,UKESM1-0-LL,1.26256861889466,degC
a,Pseudo-observations,15,independent climate-model mean,27,MDG,Madagascar,ACCESS-CM2,1.144546034654274,degC
a,Pseudo-observations,15,independent climate-model mean,27,MDG,Madagascar,ACCESS-ESM1-5,1.1259747041891774,degC
a,Pseudo-observations,15,independent climate-model mean,27,MDG,Madagascar,CESM2,0.9138474119892095,degC
a,Pseudo-observations,15,independent climate-model mean,27,MDG,Madagascar,CNRM-CM6-1,1.0154733724605338,degC
a,Pseudo-observations,15,independent climate-model mean,27,MDG,Madagascar,CNRM-ESM2-1,0.8719816769064456,degC
a,Pseudo-observations,15,independent climate-model mean,27,MDG,Madagascar,CanESM5,1.5987296094628902,degC
a,Pseudo-observations,15,independent climate-model mean,27,MDG,Madagascar,EC-Earth3-Veg,1.1275387887352144,degC
a,Pseudo-observations,15,independent climate-model mean,27,MDG,Madagascar,FGOALS-g3,1.1848635594490802,degC
a,Pseudo-observations,15,independent climate-model mean,27,MDG,Madagascar,HadGEM3-GC31-LL,1.087882460537968,degC
a,Pseudo-observations,15,independent climate-model mean,27,MDG,Madagascar,IPSL-CM6A-LR,1.2490572145712209,degC
a,Pseudo-observations,15,independent climate-model mean,27,MDG,Madagascar,MIROC-ES2L,0.9674633412383292,degC
a,Pseudo-observations,15,independent climate-model mean,27,MDG,Madagascar,MIROC6,0.8862056138274363,degC
a,Pseudo-observations,15,independent climate-model mean,27,MDG,Madagascar,MPI-ESM1-2-LR,1.0085341329727482,degC
a,Pseudo-observations,15,independent climate-model mean,27,MDG,Madagascar,MRI-ESM2-0,1.1117949935008336,degC
a,Pseudo-observations,15,independent climate-model mean,27,MDG,Madagascar,UKESM1-0-LL,0.9428494700536832,degC
a,Pseudo-observations,15,independent climate-model mean,28,RAR,Russian-Arctic,ACCESS-CM2,2.944169606164189,degC
a,Pseudo-observations,15,independent climate-model mean,28,RAR,Russian-Arctic,ACCESS-ESM1-5,2.849700155145719,degC
a,Pseudo-observations,15,independent climate-model mean,28,RAR,Russian-Arctic,CESM2,3.625364371797757,degC
a,Pseudo-observations,15,independent climate-model mean,28,RAR,Russian-Arctic,CNRM-CM6-1,3.4774953123675076,degC
a,Pseudo-observations,15,independent climate-model mean,28,RAR,Russian-Arctic,CNRM-ESM2-1,2.947199959988236,degC
a,Pseudo-observations,15,independent climate-model mean,28,RAR,Russian-Arctic,CanESM5,4.606348168279388,degC
a,Pseudo-observations,15,independent climate-model mean,28,RAR,Russian-Arctic,EC-Earth3-Veg,4.864140014025349,degC
a,Pseudo-observations,15,independent climate-model mean,28,RAR,Russian-Arctic,FGOALS-g3,3.085940695587263,degC
a,Pseudo-observations,15,independent climate-model mean,28,RAR,Russian-Arctic,HadGEM3-GC31-LL,3.8676026594108444,degC
a,Pseudo-observations,15,independent climate-model mean,28,RAR,Russian-Arctic,IPSL-CM6A-LR,4.323512763497484,degC
a,Pseudo-observations,15,independent climate-model mean,28,RAR,Russian-Arctic,MIROC-ES2L,2.442721993857464,degC
a,Pseudo-observations,15,independent climate-model mean,28,RAR,Russian-Arctic,MIROC6,2.9590038513559143,degC
a,Pseudo-observations,15,independent climate-model mean,28,RAR,Russian-Arctic,MPI-ESM1-2-LR,2.920376286595239,degC
a,Pseudo-observations,15,independent climate-model mean,28,RAR,Russian-Arctic,MRI-ESM2-0,3.57967717904993,degC
a,Pseudo-observations,15,independent climate-model mean,28,RAR,Russian-Arctic,UKESM1-0-LL,2.9628962248868222,degC
a,Pseudo-observations,15,independent climate-model mean,29,WSB,W.Siberia,ACCESS-CM2,1.9809492272015135,degC
a,Pseudo-observations,15,independent climate-model mean,29,WSB,W.Siberia,ACCESS-ESM1-5,2.109724710929512,degC
a,Pseudo-observations,15,independent climate-model mean,29,WSB,W.Siberia,CESM2,2.066418502578363,degC
a,Pseudo-observations,15,independent climate-model mean,29,WSB,W.Siberia,CNRM-CM6-1,1.8890153650715569,degC
a,Pseudo-observations,15,independent climate-model mean,29,WSB,W.Siberia,CNRM-ESM2-1,1.4302670602697234,degC
a,Pseudo-observations,15,independent climate-model mean,29,WSB,W.Siberia,CanESM5,2.670546946735147,degC
a,Pseudo-observations,15,independent climate-model mean,29,WSB,W.Siberia,EC-Earth3-Veg,2.8203344715767407,degC
a,Pseudo-observations,15,independent climate-model mean,29,WSB,W.Siberia,FGOALS-g3,2.5443059743593373,degC
a,Pseudo-observations,15,independent climate-model mean,29,WSB,W.Siberia,HadGEM3-GC31-LL,2.4516752743626413,degC
a,Pseudo-observations,15,independent climate-model mean,29,WSB,W.Siberia,IPSL-CM6A-LR,2.7116435052413066,degC
a,Pseudo-observations,15,independent climate-model mean,29,WSB,W.Siberia,MIROC-ES2L,1.7383077961665447,degC
a,Pseudo-observations,15,independent climate-model mean,29,WSB,W.Siberia,MIROC6,1.8004317113004777,degC
a,Pseudo-observations,15,independent climate-model mean,29,WSB,W.Siberia,MPI-ESM1-2-LR,2.0299034503234252,degC
a,Pseudo-observations,15,independent climate-model mean,29,WSB,W.Siberia,MRI-ESM2-0,1.558964366700259,degC
a,Pseudo-observations,15,independent climate-model mean,29,WSB,W.Siberia,UKESM1-0-LL,1.945318625912888,degC
a,Pseudo-observations,15,independent climate-model mean,30,ESB,E.Siberia,ACCESS-CM2,2.056550953658381,degC
a,Pseudo-observations,15,independent climate-model mean,30,ESB,E.Siberia,ACCESS-ESM1-5,2.1431056031055773,degC
a,Pseudo-observations,15,independent climate-model mean,30,ESB,E.Siberia,CESM2,2.1936775016086503,degC
a,Pseudo-observations,15,independent climate-model mean,30,ESB,E.Siberia,CNRM-CM6-1,1.9690310877887072,degC
a,Pseudo-observations,15,independent climate-model mean,30,ESB,E.Siberia,CNRM-ESM2-1,1.4681982222278103,degC
a,Pseudo-observations,15,independent climate-model mean,30,ESB,E.Siberia,CanESM5,2.73579840912843,degC
a,Pseudo-observations,15,independent climate-model mean,30,ESB,E.Siberia,EC-Earth3-Veg,2.7488550746725937,degC
a,Pseudo-observations,15,independent climate-model mean,30,ESB,E.Siberia,FGOALS-g3,2.1143692780118584,degC
a,Pseudo-observations,15,independent climate-model mean,30,ESB,E.Siberia,HadGEM3-GC31-LL,2.4023340235259294,degC
a,Pseudo-observations,15,independent climate-model mean,30,ESB,E.Siberia,IPSL-CM6A-LR,2.791972699821489,degC
a,Pseudo-observations,15,independent climate-model mean,30,ESB,E.Siberia,MIROC-ES2L,1.856090062526878,degC
a,Pseudo-observations,15,independent climate-model mean,30,ESB,E.Siberia,MIROC6,1.5647534286925389,degC
a,Pseudo-observations,15,independent climate-model mean,30,ESB,E.Siberia,MPI-ESM1-2-LR,2.0510851354850996,degC
a,Pseudo-observations,15,independent climate-model mean,30,ESB,E.Siberia,MRI-ESM2-0,1.959804922459015,degC
a,Pseudo-observations,15,independent climate-model mean,30,ESB,E.Siberia,UKESM1-0-LL,1.913792283823697,degC
a,Pseudo-observations,15,independent climate-model mean,31,RFE,Russian-Far-East,ACCESS-CM2,1.895417726164812,degC
a,Pseudo-observations,15,independent climate-model mean,31,RFE,Russian-Far-East,ACCESS-ESM1-5,2.5265721870544704,degC
a,Pseudo-observations,15,independent climate-model mean,31,RFE,Russian-Far-East,CESM2,1.849756219834499,degC
a,Pseudo-observations,15,independent climate-model mean,31,RFE,Russian-Far-East,CNRM-CM6-1,2.3646121595548335,degC
a,Pseudo-observations,15,independent climate-model mean,31,RFE,Russian-Far-East,CNRM-ESM2-1,1.7206103027531332,degC
a,Pseudo-observations,15,independent climate-model mean,31,RFE,Russian-Far-East,CanESM5,2.693386249335005,degC
a,Pseudo-observations,15,independent climate-model mean,31,RFE,Russian-Far-East,EC-Earth3-Veg,3.516403361288346,degC
a,Pseudo-observations,15,independent climate-model mean,31,RFE,Russian-Far-East,FGOALS-g3,2.8096849066954044,degC
a,Pseudo-observations,15,independent climate-model mean,31,RFE,Russian-Far-East,HadGEM3-GC31-LL,2.2368767106312313,degC
a,Pseudo-observations,15,independent climate-model mean,31,RFE,Russian-Far-East,IPSL-CM6A-LR,2.8694230570625456,degC
a,Pseudo-observations,15,independent climate-model mean,31,RFE,Russian-Far-East,MIROC-ES2L,2.060471077863124,degC
a,Pseudo-observations,15,independent climate-model mean,31,RFE,Russian-Far-East,MIROC6,1.5552482367285847,degC
a,Pseudo-observations,15,independent climate-model mean,31,RFE,Russian-Far-East,MPI-ESM1-2-LR,2.086589157254038,degC
a,Pseudo-observations,15,independent climate-model mean,31,RFE,Russian-Far-East,MRI-ESM2-0,2.254723420291114,degC
a,Pseudo-observations,15,independent climate-model mean,31,RFE,Russian-Far-East,UKESM1-0-LL,2.144376134034493,degC
a,Pseudo-observations,15,independent climate-model mean,32,WCA,W.C.Asia,ACCESS-CM2,1.7098246844139802,degC
a,Pseudo-observations,15,independent climate-model mean,32,WCA,W.C.Asia,ACCESS-ESM1-5,1.6203533066519216,degC
a,Pseudo-observations,15,independent climate-model mean,32,WCA,W.C.Asia,CESM2,1.3399397674720877,degC
a,Pseudo-observations,15,independent climate-model mean,32,WCA,W.C.Asia,CNRM-CM6-1,1.5075655287720675,degC
a,Pseudo-observations,15,independent climate-model mean,32,WCA,W.C.Asia,CNRM-ESM2-1,1.3553912240637713,degC
a,Pseudo-observations,15,independent climate-model mean,32,WCA,W.C.Asia,CanESM5,2.85649442264697,degC
a,Pseudo-observations,15,independent climate-model mean,32,WCA,W.C.Asia,EC-Earth3-Veg,2.294031331918205,degC
a,Pseudo-observations,15,independent climate-model mean,32,WCA,W.C.Asia,FGOALS-g3,1.8492215002637922,degC
a,Pseudo-observations,15,independent climate-model mean,32,WCA,W.C.Asia,HadGEM3-GC31-LL,1.8340574312457776,degC
a,Pseudo-observations,15,independent climate-model mean,32,WCA,W.C.Asia,IPSL-CM6A-LR,2.2682940463272527,degC
a,Pseudo-observations,15,independent climate-model mean,32,WCA,W.C.Asia,MIROC-ES2L,1.425690150063433,degC
a,Pseudo-observations,15,independent climate-model mean,32,WCA,W.C.Asia,MIROC6,1.2722095483312104,degC
a,Pseudo-observations,15,independent climate-model mean,32,WCA,W.C.Asia,MPI-ESM1-2-LR,1.864426298317776,degC
a,Pseudo-observations,15,independent climate-model mean,32,WCA,W.C.Asia,MRI-ESM2-0,1.425044961137121,degC
a,Pseudo-observations,15,independent climate-model mean,32,WCA,W.C.Asia,UKESM1-0-LL,1.734907896562228,degC
a,Pseudo-observations,15,independent climate-model mean,33,ECA,E.C.Asia,ACCESS-CM2,1.8007910845695883,degC
a,Pseudo-observations,15,independent climate-model mean,33,ECA,E.C.Asia,ACCESS-ESM1-5,1.918554192415062,degC
a,Pseudo-observations,15,independent climate-model mean,33,ECA,E.C.Asia,CESM2,1.684128222643313,degC
a,Pseudo-observations,15,independent climate-model mean,33,ECA,E.C.Asia,CNRM-CM6-1,1.6306688555141695,degC
a,Pseudo-observations,15,independent climate-model mean,33,ECA,E.C.Asia,CNRM-ESM2-1,1.3556220812425774,degC
a,Pseudo-observations,15,independent climate-model mean,33,ECA,E.C.Asia,CanESM5,2.8322066930854386,degC
a,Pseudo-observations,15,independent climate-model mean,33,ECA,E.C.Asia,EC-Earth3-Veg,1.8787156583274125,degC
a,Pseudo-observations,15,independent climate-model mean,33,ECA,E.C.Asia,FGOALS-g3,1.766801986025112,degC
a,Pseudo-observations,15,independent climate-model mean,33,ECA,E.C.Asia,HadGEM3-GC31-LL,2.088442665022871,degC
a,Pseudo-observations,15,independent climate-model mean,33,ECA,E.C.Asia,IPSL-CM6A-LR,2.091632653496415,degC
a,Pseudo-observations,15,independent climate-model mean,33,ECA,E.C.Asia,MIROC-ES2L,1.4604601439036902,degC
a,Pseudo-observations,15,independent climate-model mean,33,ECA,E.C.Asia,MIROC6,1.3318780082212562,degC
a,Pseudo-observations,15,independent climate-model mean,33,ECA,E.C.Asia,MPI-ESM1-2-LR,1.6888072820964013,degC
a,Pseudo-observations,15,independent climate-model mean,33,ECA,E.C.Asia,MRI-ESM2-0,1.331307772359906,degC
a,Pseudo-observations,15,independent climate-model mean,33,ECA,E.C.Asia,UKESM1-0-LL,1.5150525643811796,degC
a,Pseudo-observations,15,independent climate-model mean,34,TIB,Tibetan-Plateau,ACCESS-CM2,1.313750884083549,degC
a,Pseudo-observations,15,independent climate-model mean,34,TIB,Tibetan-Plateau,ACCESS-ESM1-5,1.051347043488821,degC
a,Pseudo-observations,15,independent climate-model mean,34,TIB,Tibetan-Plateau,CESM2,1.9481727383182876,degC
a,Pseudo-observations,15,independent climate-model mean,34,TIB,Tibetan-Plateau,CNRM-CM6-1,1.5498929482576222,degC
a,Pseudo-observations,15,independent climate-model mean,34,TIB,Tibetan-Plateau,CNRM-ESM2-1,1.3924910345823382,degC
a,Pseudo-observations,15,independent climate-model mean,34,TIB,Tibetan-Plateau,CanESM5,5.778871062203964,degC
a,Pseudo-observations,15,independent climate-model mean,34,TIB,Tibetan-Plateau,EC-Earth3-Veg,1.372710759211456,degC
a,Pseudo-observations,15,independent climate-model mean,34,TIB,Tibetan-Plateau,FGOALS-g3,2.250158258386191,degC
a,Pseudo-observations,15,independent climate-model mean,34,TIB,Tibetan-Plateau,HadGEM3-GC31-LL,1.6608535903690271,degC
a,Pseudo-observations,15,independent climate-model mean,34,TIB,Tibetan-Plateau,IPSL-CM6A-LR,1.706078360184825,degC
a,Pseudo-observations,15,independent climate-model mean,34,TIB,Tibetan-Plateau,MIROC-ES2L,1.2611025463715222,degC
a,Pseudo-observations,15,independent climate-model mean,34,TIB,Tibetan-Plateau,MIROC6,1.0492858419179976,degC
a,Pseudo-observations,15,independent climate-model mean,34,TIB,Tibetan-Plateau,MPI-ESM1-2-LR,1.5900086217086173,degC
a,Pseudo-observations,15,independent climate-model mean,34,TIB,Tibetan-Plateau,MRI-ESM2-0,1.1630231131881545,degC
a,Pseudo-observations,15,independent climate-model mean,34,TIB,Tibetan-Plateau,UKESM1-0-LL,1.0755663859717008,degC
a,Pseudo-observations,15,independent climate-model mean,35,EAS,E.Asia,ACCESS-CM2,1.3441203773769288,degC
a,Pseudo-observations,15,independent climate-model mean,35,EAS,E.Asia,ACCESS-ESM1-5,1.0963590431830117,degC
a,Pseudo-observations,15,independent climate-model mean,35,EAS,E.Asia,CESM2,0.8033660855796002,degC
a,Pseudo-observations,15,independent climate-model mean,35,EAS,E.Asia,CNRM-CM6-1,1.1489490405980605,degC
a,Pseudo-observations,15,independent climate-model mean,35,EAS,E.Asia,CNRM-ESM2-1,0.8111465932099348,degC
a,Pseudo-observations,15,independent climate-model mean,35,EAS,E.Asia,CanESM5,2.0541616470662114,degC
a,Pseudo-observations,15,independent climate-model mean,35,EAS,E.Asia,EC-Earth3-Veg,1.324254566868036,degC
a,Pseudo-observations,15,independent climate-model mean,35,EAS,E.Asia,FGOALS-g3,1.2424583042987989,degC
a,Pseudo-observations,15,independent climate-model mean,35,EAS,E.Asia,HadGEM3-GC31-LL,1.580776503032851,degC
a,Pseudo-observations,15,independent climate-model mean,35,EAS,E.Asia,IPSL-CM6A-LR,1.6042432861475024,degC
a,Pseudo-observations,15,independent climate-model mean,35,EAS,E.Asia,MIROC-ES2L,0.911613892958049,degC
a,Pseudo-observations,15,independent climate-model mean,35,EAS,E.Asia,MIROC6,0.8058714084449466,degC
a,Pseudo-observations,15,independent climate-model mean,35,EAS,E.Asia,MPI-ESM1-2-LR,1.054443975695577,degC
a,Pseudo-observations,15,independent climate-model mean,35,EAS,E.Asia,MRI-ESM2-0,0.9599928998900703,degC
a,Pseudo-observations,15,independent climate-model mean,35,EAS,E.Asia,UKESM1-0-LL,1.311423053108429,degC
a,Pseudo-observations,15,independent climate-model mean,36,ARP,Arabian-Peninsula,ACCESS-CM2,1.9676651193314616,degC
a,Pseudo-observations,15,independent climate-model mean,36,ARP,Arabian-Peninsula,ACCESS-ESM1-5,1.6117619972693795,degC
a,Pseudo-observations,15,independent climate-model mean,36,ARP,Arabian-Peninsula,CESM2,1.6426701923294464,degC
a,Pseudo-observations,15,independent climate-model mean,36,ARP,Arabian-Peninsula,CNRM-CM6-1,1.5984646910668634,degC
a,Pseudo-observations,15,independent climate-model mean,36,ARP,Arabian-Peninsula,CNRM-ESM2-1,1.5167864103432651,degC
a,Pseudo-observations,15,independent climate-model mean,36,ARP,Arabian-Peninsula,CanESM5,2.8962276364585393,degC
a,Pseudo-observations,15,independent climate-model mean,36,ARP,Arabian-Peninsula,EC-Earth3-Veg,2.296743365349821,degC
a,Pseudo-observations,15,independent climate-model mean,36,ARP,Arabian-Peninsula,FGOALS-g3,1.8313472892854301,degC
a,Pseudo-observations,15,independent climate-model mean,36,ARP,Arabian-Peninsula,HadGEM3-GC31-LL,2.038504727074225,degC
a,Pseudo-observations,15,independent climate-model mean,36,ARP,Arabian-Peninsula,IPSL-CM6A-LR,1.9886412400737878,degC
a,Pseudo-observations,15,independent climate-model mean,36,ARP,Arabian-Peninsula,MIROC-ES2L,1.6877546858924237,degC
a,Pseudo-observations,15,independent climate-model mean,36,ARP,Arabian-Peninsula,MIROC6,1.4121841627717486,degC
a,Pseudo-observations,15,independent climate-model mean,36,ARP,Arabian-Peninsula,MPI-ESM1-2-LR,1.5575804916334732,degC
a,Pseudo-observations,15,independent climate-model mean,36,ARP,Arabian-Peninsula,MRI-ESM2-0,1.5118357233778104,degC
a,Pseudo-observations,15,independent climate-model mean,36,ARP,Arabian-Peninsula,UKESM1-0-LL,1.8264367588947732,degC
a,Pseudo-observations,15,independent climate-model mean,37,SAS,S.Asia,ACCESS-CM2,1.2660685010940786,degC
a,Pseudo-observations,15,independent climate-model mean,37,SAS,S.Asia,ACCESS-ESM1-5,0.874521198714666,degC
a,Pseudo-observations,15,independent climate-model mean,37,SAS,S.Asia,CESM2,0.5499265683971747,degC
a,Pseudo-observations,15,independent climate-model mean,37,SAS,S.Asia,CNRM-CM6-1,0.8156154555724179,degC
a,Pseudo-observations,15,independent climate-model mean,37,SAS,S.Asia,CNRM-ESM2-1,0.5956163913648567,degC
a,Pseudo-observations,15,independent climate-model mean,37,SAS,S.Asia,CanESM5,2.012985143528111,degC
a,Pseudo-observations,15,independent climate-model mean,37,SAS,S.Asia,EC-Earth3-Veg,0.9159699378246814,degC
a,Pseudo-observations,15,independent climate-model mean,37,SAS,S.Asia,FGOALS-g3,1.162500593355633,degC
a,Pseudo-observations,15,independent climate-model mean,37,SAS,S.Asia,HadGEM3-GC31-LL,1.175795951673507,degC
a,Pseudo-observations,15,independent climate-model mean,37,SAS,S.Asia,IPSL-CM6A-LR,1.602784156713349,degC
a,Pseudo-observations,15,independent climate-model mean,37,SAS,S.Asia,MIROC-ES2L,1.078495976646841,degC
a,Pseudo-observations,15,independent climate-model mean,37,SAS,S.Asia,MIROC6,0.6565584205824694,degC
a,Pseudo-observations,15,independent climate-model mean,37,SAS,S.Asia,MPI-ESM1-2-LR,0.6501555897397537,degC
a,Pseudo-observations,15,independent climate-model mean,37,SAS,S.Asia,MRI-ESM2-0,0.8532039310918913,degC
a,Pseudo-observations,15,independent climate-model mean,37,SAS,S.Asia,UKESM1-0-LL,1.1291538657836548,degC
a,Pseudo-observations,15,independent climate-model mean,38,SEA,S.E.Asia,ACCESS-CM2,1.1801726573755316,degC
a,Pseudo-observations,15,independent climate-model mean,38,SEA,S.E.Asia,ACCESS-ESM1-5,0.9892710755940602,degC
a,Pseudo-observations,15,independent climate-model mean,38,SEA,S.E.Asia,CESM2,0.9844826686703989,degC
a,Pseudo-observations,15,independent climate-model mean,38,SEA,S.E.Asia,CNRM-CM6-1,1.0100289778238578,degC
a,Pseudo-observations,15,independent climate-model mean,38,SEA,S.E.Asia,CNRM-ESM2-1,0.8901576002579166,degC
a,Pseudo-observations,15,independent climate-model mean,38,SEA,S.E.Asia,CanESM5,1.6831697721431158,degC
a,Pseudo-observations,15,independent climate-model mean,38,SEA,S.E.Asia,EC-Earth3-Veg,1.198477093432628,degC
a,Pseudo-observations,15,independent climate-model mean,38,SEA,S.E.Asia,FGOALS-g3,1.0231946076733653,degC
a,Pseudo-observations,15,independent climate-model mean,38,SEA,S.E.Asia,HadGEM3-GC31-LL,1.2018278909307925,degC
a,Pseudo-observations,15,independent climate-model mean,38,SEA,S.E.Asia,IPSL-CM6A-LR,1.3079613998626918,degC
a,Pseudo-observations,15,independent climate-model mean,38,SEA,S.E.Asia,MIROC-ES2L,0.9488651480868725,degC
a,Pseudo-observations,15,independent climate-model mean,38,SEA,S.E.Asia,MIROC6,0.732739355177397,degC
a,Pseudo-observations,15,independent climate-model mean,38,SEA,S.E.Asia,MPI-ESM1-2-LR,0.8523421784543778,degC
a,Pseudo-observations,15,independent climate-model mean,38,SEA,S.E.Asia,MRI-ESM2-0,0.923848676479623,degC
a,Pseudo-observations,15,independent climate-model mean,38,SEA,S.E.Asia,UKESM1-0-LL,1.1565151789086947,degC
a,Pseudo-observations,15,independent climate-model mean,39,NAU,N.Australia,ACCESS-CM2,1.311815078762223,degC
a,Pseudo-observations,15,independent climate-model mean,39,NAU,N.Australia,ACCESS-ESM1-5,1.0953070059546397,degC
a,Pseudo-observations,15,independent climate-model mean,39,NAU,N.Australia,CESM2,1.080734144110468,degC
a,Pseudo-observations,15,independent climate-model mean,39,NAU,N.Australia,CNRM-CM6-1,1.1667048766395272,degC
a,Pseudo-observations,15,independent climate-model mean,39,NAU,N.Australia,CNRM-ESM2-1,1.0622422149911257,degC
a,Pseudo-observations,15,independent climate-model mean,39,NAU,N.Australia,CanESM5,1.7771955133851558,degC
a,Pseudo-observations,15,independent climate-model mean,39,NAU,N.Australia,EC-Earth3-Veg,1.1827770222156058,degC
a,Pseudo-observations,15,independent climate-model mean,39,NAU,N.Australia,FGOALS-g3,1.1175003822617418,degC
a,Pseudo-observations,15,independent climate-model mean,39,NAU,N.Australia,HadGEM3-GC31-LL,1.260317151085913,degC
a,Pseudo-observations,15,independent climate-model mean,39,NAU,N.Australia,IPSL-CM6A-LR,1.3182956815292013,degC
a,Pseudo-observations,15,independent climate-model mean,39,NAU,N.Australia,MIROC-ES2L,0.9577893645327099,degC
a,Pseudo-observations,15,independent climate-model mean,39,NAU,N.Australia,MIROC6,0.8356161478953653,degC
a,Pseudo-observations,15,independent climate-model mean,39,NAU,N.Australia,MPI-ESM1-2-LR,1.0851712634698452,degC
a,Pseudo-observations,15,independent climate-model mean,39,NAU,N.Australia,MRI-ESM2-0,1.0467724644014538,degC
a,Pseudo-observations,15,independent climate-model mean,39,NAU,N.Australia,UKESM1-0-LL,1.1666066064101681,degC
a,Pseudo-observations,15,independent climate-model mean,40,CAU,C.Australia,ACCESS-CM2,1.5948246324986382,degC
a,Pseudo-observations,15,independent climate-model mean,40,CAU,C.Australia,ACCESS-ESM1-5,1.683391645058612,degC
a,Pseudo-observations,15,independent climate-model mean,40,CAU,C.Australia,CESM2,1.6268416182244574,degC
a,Pseudo-observations,15,independent climate-model mean,40,CAU,C.Australia,CNRM-CM6-1,1.3849526215378967,degC
a,Pseudo-observations,15,independent climate-model mean,40,CAU,C.Australia,CNRM-ESM2-1,1.2263138559257116,degC
a,Pseudo-observations,15,independent climate-model mean,40,CAU,C.Australia,CanESM5,2.2710879877667987,degC
a,Pseudo-observations,15,independent climate-model mean,40,CAU,C.Australia,EC-Earth3-Veg,1.446411948920188,degC
a,Pseudo-observations,15,independent climate-model mean,40,CAU,C.Australia,FGOALS-g3,1.4222402662047118,degC
a,Pseudo-observations,15,independent climate-model mean,40,CAU,C.Australia,HadGEM3-GC31-LL,1.7337803770585236,degC
a,Pseudo-observations,15,independent climate-model mean,40,CAU,C.Australia,IPSL-CM6A-LR,1.569464964126891,degC
a,Pseudo-observations,15,independent climate-model mean,40,CAU,C.Australia,MIROC-ES2L,1.242721484749139,degC
a,Pseudo-observations,15,independent climate-model mean,40,CAU,C.Australia,MIROC6,0.9966561923338446,degC
a,Pseudo-observations,15,independent climate-model mean,40,CAU,C.Australia,MPI-ESM1-2-LR,1.5440603707159708,degC
a,Pseudo-observations,15,independent climate-model mean,40,CAU,C.Australia,MRI-ESM2-0,1.3966785149351377,degC
a,Pseudo-observations,15,independent climate-model mean,40,CAU,C.Australia,UKESM1-0-LL,1.3744725267301334,degC
a,Pseudo-observations,15,independent climate-model mean,41,EAU,E.Australia,ACCESS-CM2,1.3994936355788277,degC
a,Pseudo-observations,15,independent climate-model mean,41,EAU,E.Australia,ACCESS-ESM1-5,1.3414297858115163,degC
a,Pseudo-observations,15,independent climate-model mean,41,EAU,E.Australia,CESM2,1.180895613739944,degC
a,Pseudo-observations,15,independent climate-model mean,41,EAU,E.Australia,CNRM-CM6-1,1.2331113799234066,degC
a,Pseudo-observations,15,independent climate-model mean,41,EAU,E.Australia,CNRM-ESM2-1,1.279771656432308,degC
a,Pseudo-observations,15,independent climate-model mean,41,EAU,E.Australia,CanESM5,1.7903700542768792,degC
a,Pseudo-observations,15,independent climate-model mean,41,EAU,E.Australia,EC-Earth3-Veg,1.3810309910487082,degC
a,Pseudo-observations,15,independent climate-model mean,41,EAU,E.Australia,FGOALS-g3,1.2168184591849018,degC
a,Pseudo-observations,15,independent climate-model mean,41,EAU,E.Australia,HadGEM3-GC31-LL,1.348421645030177,degC
a,Pseudo-observations,15,independent climate-model mean,41,EAU,E.Australia,IPSL-CM6A-LR,1.396743805203812,degC
a,Pseudo-observations,15,independent climate-model mean,41,EAU,E.Australia,MIROC-ES2L,1.1445554966482232,degC
a,Pseudo-observations,15,independent climate-model mean,41,EAU,E.Australia,MIROC6,0.967665361339472,degC
a,Pseudo-observations,15,independent climate-model mean,41,EAU,E.Australia,MPI-ESM1-2-LR,1.2986876446165512,degC
a,Pseudo-observations,15,independent climate-model mean,41,EAU,E.Australia,MRI-ESM2-0,1.1674257445431049,degC
a,Pseudo-observations,15,independent climate-model mean,41,EAU,E.Australia,UKESM1-0-LL,1.0991291600821254,degC
a,Pseudo-observations,15,independent climate-model mean,42,SAU,S.Australia,ACCESS-CM2,1.076040816188629,degC
a,Pseudo-observations,15,independent climate-model mean,42,SAU,S.Australia,ACCESS-ESM1-5,0.7794392775420307,degC
a,Pseudo-observations,15,independent climate-model mean,42,SAU,S.Australia,CESM2,0.9463424347114343,degC
a,Pseudo-observations,15,independent climate-model mean,42,SAU,S.Australia,CNRM-CM6-1,0.9366355173032884,degC
a,Pseudo-observations,15,independent climate-model mean,42,SAU,S.Australia,CNRM-ESM2-1,0.6034168369324935,degC
a,Pseudo-observations,15,independent climate-model mean,42,SAU,S.Australia,CanESM5,1.3055790842196784,degC
a,Pseudo-observations,15,independent climate-model mean,42,SAU,S.Australia,EC-Earth3-Veg,0.9801108376250406,degC
a,Pseudo-observations,15,independent climate-model mean,42,SAU,S.Australia,FGOALS-g3,1.1146601705674766,degC
a,Pseudo-observations,15,independent climate-model mean,42,SAU,S.Australia,HadGEM3-GC31-LL,0.9906078714029162,degC
a,Pseudo-observations,15,independent climate-model mean,42,SAU,S.Australia,IPSL-CM6A-LR,1.069081792365319,degC
a,Pseudo-observations,15,independent climate-model mean,42,SAU,S.Australia,MIROC-ES2L,0.9633581712889038,degC
a,Pseudo-observations,15,independent climate-model mean,42,SAU,S.Australia,MIROC6,0.6273530510304323,degC
a,Pseudo-observations,15,independent climate-model mean,42,SAU,S.Australia,MPI-ESM1-2-LR,1.1017055809838556,degC
a,Pseudo-observations,15,independent climate-model mean,42,SAU,S.Australia,MRI-ESM2-0,0.7437843837815107,degC
a,Pseudo-observations,15,independent climate-model mean,42,SAU,S.Australia,UKESM1-0-LL,1.0072179902581788,degC
a,Pseudo-observations,15,independent climate-model mean,43,NZ,New-Zealand,ACCESS-CM2,1.2218105501031296,degC
a,Pseudo-observations,15,independent climate-model mean,43,NZ,New-Zealand,ACCESS-ESM1-5,0.8005052200109887,degC
a,Pseudo-observations,15,independent climate-model mean,43,NZ,New-Zealand,CESM2,0.8556934231360757,degC
a,Pseudo-observations,15,independent climate-model mean,43,NZ,New-Zealand,CNRM-CM6-1,1.1067044968376478,degC
a,Pseudo-observations,15,independent climate-model mean,43,NZ,New-Zealand,CNRM-ESM2-1,0.7421340199518486,degC
a,Pseudo-observations,15,independent climate-model mean,43,NZ,New-Zealand,CanESM5,1.386787963812779,degC
a,Pseudo-observations,15,independent climate-model mean,43,NZ,New-Zealand,EC-Earth3-Veg,0.913536746717881,degC
a,Pseudo-observations,15,independent climate-model mean,43,NZ,New-Zealand,FGOALS-g3,1.1538393867298062,degC
a,Pseudo-observations,15,independent climate-model mean,43,NZ,New-Zealand,HadGEM3-GC31-LL,1.235959070419643,degC
a,Pseudo-observations,15,independent climate-model mean,43,NZ,New-Zealand,IPSL-CM6A-LR,0.9935164538219853,degC
a,Pseudo-observations,15,independent climate-model mean,43,NZ,New-Zealand,MIROC-ES2L,0.9878903364157265,degC
a,Pseudo-observations,15,independent climate-model mean,43,NZ,New-Zealand,MIROC6,0.7148343434616949,degC
a,Pseudo-observations,15,independent climate-model mean,43,NZ,New-Zealand,MPI-ESM1-2-LR,1.0761433992826819,degC
a,Pseudo-observations,15,independent climate-model mean,43,NZ,New-Zealand,MRI-ESM2-0,0.8480735855077463,degC
a,Pseudo-observations,15,independent climate-model mean,43,NZ,New-Zealand,UKESM1-0-LL,1.304401515596702,degC
a,Pseudo-observations,15,independent climate-model mean,44,EAN,E.Antarctica,ACCESS-CM2,1.3138134767515763,degC
a,Pseudo-observations,15,independent climate-model mean,44,EAN,E.Antarctica,ACCESS-ESM1-5,1.2347416545573666,degC
a,Pseudo-observations,15,independent climate-model mean,44,EAN,E.Antarctica,CESM2,1.9567680273708767,degC
a,Pseudo-observations,15,independent climate-model mean,44,EAN,E.Antarctica,CNRM-CM6-1,1.7570159144456143,degC
a,Pseudo-observations,15,independent climate-model mean,44,EAN,E.Antarctica,CNRM-ESM2-1,1.2945042048105546,degC
a,Pseudo-observations,15,independent climate-model mean,44,EAN,E.Antarctica,CanESM5,2.2700119037735353,degC
a,Pseudo-observations,15,independent climate-model mean,44,EAN,E.Antarctica,EC-Earth3-Veg,1.2975040453583178,degC
a,Pseudo-observations,15,independent climate-model mean,44,EAN,E.Antarctica,FGOALS-g3,1.2585349492002822,degC
a,Pseudo-observations,15,independent climate-model mean,44,EAN,E.Antarctica,HadGEM3-GC31-LL,2.003117409338278,degC
a,Pseudo-observations,15,independent climate-model mean,44,EAN,E.Antarctica,IPSL-CM6A-LR,1.4113798332437077,degC
a,Pseudo-observations,15,independent climate-model mean,44,EAN,E.Antarctica,MIROC-ES2L,0.8555719619864358,degC
a,Pseudo-observations,15,independent climate-model mean,44,EAN,E.Antarctica,MIROC6,0.8395910679097697,degC
a,Pseudo-observations,15,independent climate-model mean,44,EAN,E.Antarctica,MPI-ESM1-2-LR,1.07133151888878,degC
a,Pseudo-observations,15,independent climate-model mean,44,EAN,E.Antarctica,MRI-ESM2-0,1.374575934494814,degC
a,Pseudo-observations,15,independent climate-model mean,44,EAN,E.Antarctica,UKESM1-0-LL,1.5401189865294873,degC
a,Pseudo-observations,15,independent climate-model mean,45,WAN,W.Antarctica,ACCESS-CM2,1.3479310312948234,degC
a,Pseudo-observations,15,independent climate-model mean,45,WAN,W.Antarctica,ACCESS-ESM1-5,1.1269717629091938,degC
a,Pseudo-observations,15,independent climate-model mean,45,WAN,W.Antarctica,CESM2,2.0535619528490394,degC
a,Pseudo-observations,15,independent climate-model mean,45,WAN,W.Antarctica,CNRM-CM6-1,3.106149410401818,degC
a,Pseudo-observations,15,independent climate-model mean,45,WAN,W.Antarctica,CNRM-ESM2-1,2.046264652999794,degC
a,Pseudo-observations,15,independent climate-model mean,45,WAN,W.Antarctica,CanESM5,1.796062949659784,degC
a,Pseudo-observations,15,independent climate-model mean,45,WAN,W.Antarctica,EC-Earth3-Veg,2.206935290846241,degC
a,Pseudo-observations,15,independent climate-model mean,45,WAN,W.Antarctica,FGOALS-g3,1.1887912646383116,degC
a,Pseudo-observations,15,independent climate-model mean,45,WAN,W.Antarctica,HadGEM3-GC31-LL,2.2091060435046717,degC
a,Pseudo-observations,15,independent climate-model mean,45,WAN,W.Antarctica,IPSL-CM6A-LR,1.8596516202252993,degC
a,Pseudo-observations,15,independent climate-model mean,45,WAN,W.Antarctica,MIROC-ES2L,0.6338101034924467,degC
a,Pseudo-observations,15,independent climate-model mean,45,WAN,W.Antarctica,MIROC6,0.5411436951015675,degC
a,Pseudo-observations,15,independent climate-model mean,45,WAN,W.Antarctica,MPI-ESM1-2-LR,0.8625441379846089,degC
a,Pseudo-observations,15,independent climate-model mean,45,WAN,W.Antarctica,MRI-ESM2-0,1.5517019982342213,degC
a,Pseudo-observations,15,independent climate-model mean,45,WAN,W.Antarctica,UKESM1-0-LL,1.6948767813157641,degC
a,Pseudo-observations,15,independent climate-model mean,46,NA,North and Central America,ACCESS-CM2,1.7770596110556252,degC
a,Pseudo-observations,15,independent climate-model mean,46,NA,North and Central America,ACCESS-ESM1-5,1.8183079095021857,degC
a,Pseudo-observations,15,independent climate-model mean,46,NA,North and Central America,CESM2,1.6868782077417002,degC
a,Pseudo-observations,15,independent climate-model mean,46,NA,North and Central America,CNRM-CM6-1,1.8590313384699353,degC
a,Pseudo-observations,15,independent climate-model mean,46,NA,North and Central America,CNRM-ESM2-1,1.4412850340515757,degC
a,Pseudo-observations,15,independent climate-model mean,46,NA,North and Central America,CanESM5,2.9128365334339406,degC
a,Pseudo-observations,15,independent climate-model mean,46,NA,North and Central America,EC-Earth3-Veg,2.87030800679811,degC
a,Pseudo-observations,15,independent climate-model mean,46,NA,North and Central America,FGOALS-g3,1.9983822858388631,degC
a,Pseudo-observations,15,independent climate-model mean,46,NA,North and Central America,HadGEM3-GC31-LL,2.29955127122751,degC
a,Pseudo-observations,15,independent climate-model mean,46,NA,North and Central America,IPSL-CM6A-LR,2.426252977293449,degC
a,Pseudo-observations,15,independent climate-model mean,46,NA,North and Central America,MIROC-ES2L,1.6580210754744973,degC
a,Pseudo-observations,15,independent climate-model mean,46,NA,North and Central America,MIROC6,1.5110934588689062,degC
a,Pseudo-observations,15,independent climate-model mean,46,NA,North and Central America,MPI-ESM1-2-LR,1.769733595463146,degC
a,Pseudo-observations,15,independent climate-model mean,46,NA,North and Central America,MRI-ESM2-0,1.8598787306940405,degC
a,Pseudo-observations,15,independent climate-model mean,46,NA,North and Central America,UKESM1-0-LL,1.9187955675761443,degC
a,Pseudo-observations,15,independent climate-model mean,47,SA,South America,ACCESS-CM2,1.3753674188702198,degC
a,Pseudo-observations,15,independent climate-model mean,47,SA,South America,ACCESS-ESM1-5,1.3182012834443915,degC
a,Pseudo-observations,15,independent climate-model mean,47,SA,South America,CESM2,1.2904975317977965,degC
a,Pseudo-observations,15,independent climate-model mean,47,SA,South America,CNRM-CM6-1,1.1719307385595947,degC
a,Pseudo-observations,15,independent climate-model mean,47,SA,South America,CNRM-ESM2-1,1.0665079014035521,degC
a,Pseudo-observations,15,independent climate-model mean,47,SA,South America,CanESM5,2.3810877141152993,degC
a,Pseudo-observations,15,independent climate-model mean,47,SA,South America,EC-Earth3-Veg,1.4364307392900109,degC
a,Pseudo-observations,15,independent climate-model mean,47,SA,South America,FGOALS-g3,1.3938505064759132,degC
a,Pseudo-observations,15,independent climate-model mean,47,SA,South America,HadGEM3-GC31-LL,1.4636099649449417,degC
a,Pseudo-observations,15,independent climate-model mean,47,SA,South America,IPSL-CM6A-LR,1.5203129701244869,degC
a,Pseudo-observations,15,independent climate-model mean,47,SA,South America,MIROC-ES2L,1.1433323915964932,degC
a,Pseudo-observations,15,independent climate-model mean,47,SA,South America,MIROC6,0.9467734595422229,degC
a,Pseudo-observations,15,independent climate-model mean,47,SA,South America,MPI-ESM1-2-LR,1.1566269008967778,degC
a,Pseudo-observations,15,independent climate-model mean,47,SA,South America,MRI-ESM2-0,1.2305198883367499,degC
a,Pseudo-observations,15,independent climate-model mean,47,SA,South America,UKESM1-0-LL,1.3675868826615556,degC
a,Pseudo-observations,15,independent climate-model mean,48,EU,Europe,ACCESS-CM2,1.7120538351439747,degC
a,Pseudo-observations,15,independent climate-model mean,48,EU,Europe,ACCESS-ESM1-5,1.4803947800000934,degC
a,Pseudo-observations,15,independent climate-model mean,48,EU,Europe,CESM2,1.107052729412738,degC
a,Pseudo-observations,15,independent climate-model mean,48,EU,Europe,CNRM-CM6-1,1.6472074303431299,degC
a,Pseudo-observations,15,independent climate-model mean,48,EU,Europe,CNRM-ESM2-1,1.3981810282947187,degC
a,Pseudo-observations,15,independent climate-model mean,48,EU,Europe,CanESM5,2.4373033588565245,degC
a,Pseudo-observations,15,independent climate-model mean,48,EU,Europe,EC-Earth3-Veg,2.9111233026437113,degC
a,Pseudo-observations,15,independent climate-model mean,48,EU,Europe,FGOALS-g3,1.8543492935770238,degC
a,Pseudo-observations,15,independent climate-model mean,48,EU,Europe,HadGEM3-GC31-LL,2.0410377728981044,degC
a,Pseudo-observations,15,independent climate-model mean,48,EU,Europe,IPSL-CM6A-LR,1.991912920860284,degC
a,Pseudo-observations,15,independent climate-model mean,48,EU,Europe,MIROC-ES2L,1.4332689347017558,degC
a,Pseudo-observations,15,independent climate-model mean,48,EU,Europe,MIROC6,1.291867385922133,degC
a,Pseudo-observations,15,independent climate-model mean,48,EU,Europe,MPI-ESM1-2-LR,1.5076921263315342,degC
a,Pseudo-observations,15,independent climate-model mean,48,EU,Europe,MRI-ESM2-0,1.4952044057274758,degC
a,Pseudo-observations,15,independent climate-model mean,48,EU,Europe,UKESM1-0-LL,1.718586675391762,degC
a,Pseudo-observations,15,independent climate-model mean,49,AF,Africa,ACCESS-CM2,1.574220081660498,degC
a,Pseudo-observations,15,independent climate-model mean,49,AF,Africa,ACCESS-ESM1-5,1.4751103270321562,degC
a,Pseudo-observations,15,independent climate-model mean,49,AF,Africa,CESM2,1.3566952794170193,degC
a,Pseudo-observations,15,independent climate-model mean,49,AF,Africa,CNRM-CM6-1,1.283570808266133,degC
a,Pseudo-observations,15,independent climate-model mean,49,AF,Africa,CNRM-ESM2-1,1.2059618402226793,degC
a,Pseudo-observations,15,independent climate-model mean,49,AF,Africa,CanESM5,2.219653276295302,degC
a,Pseudo-observations,15,independent climate-model mean,49,AF,Africa,EC-Earth3-Veg,1.5703294214800778,degC
a,Pseudo-observations,15,independent climate-model mean,49,AF,Africa,FGOALS-g3,1.5063341166020845,degC
a,Pseudo-observations,15,independent climate-model mean,49,AF,Africa,HadGEM3-GC31-LL,1.447767422328953,degC
a,Pseudo-observations,15,independent climate-model mean,49,AF,Africa,IPSL-CM6A-LR,1.7350444734643602,degC
a,Pseudo-observations,15,independent climate-model mean,49,AF,Africa,MIROC-ES2L,1.3793605913146318,degC
a,Pseudo-observations,15,independent climate-model mean,49,AF,Africa,MIROC6,1.1449840193160108,degC
a,Pseudo-observations,15,independent climate-model mean,49,AF,Africa,MPI-ESM1-2-LR,1.238013951599758,degC
a,Pseudo-observations,15,independent climate-model mean,49,AF,Africa,MRI-ESM2-0,1.2425879775012583,degC
a,Pseudo-observations,15,independent climate-model mean,49,AF,Africa,UKESM1-0-LL,1.399446822228539,degC
a,Pseudo-observations,15,independent climate-model mean,50,Asia,Asia,ACCESS-CM2,1.861353672937673,degC
a,Pseudo-observations,15,independent climate-model mean,50,Asia,Asia,ACCESS-ESM1-5,1.8148220139050097,degC
a,Pseudo-observations,15,independent climate-model mean,50,Asia,Asia,CESM2,1.7579134702134054,degC
a,Pseudo-observations,15,independent climate-model mean,50,Asia,Asia,CNRM-CM6-1,1.8376903994250426,degC
a,Pseudo-observations,15,independent climate-model mean,50,Asia,Asia,CNRM-ESM2-1,1.4725878219067792,degC
a,Pseudo-observations,15,independent climate-model mean,50,Asia,Asia,CanESM5,2.935038848792536,degC
a,Pseudo-observations,15,independent climate-model mean,50,Asia,Asia,EC-Earth3-Veg,2.500023681447736,degC
a,Pseudo-observations,15,independent climate-model mean,50,Asia,Asia,FGOALS-g3,2.0388124704120645,degC
a,Pseudo-observations,15,independent climate-model mean,50,Asia,Asia,HadGEM3-GC31-LL,2.188088735713492,degC
a,Pseudo-observations,15,independent climate-model mean,50,Asia,Asia,IPSL-CM6A-LR,2.4795806207107547,degC
a,Pseudo-observations,15,independent climate-model mean,50,Asia,Asia,MIROC-ES2L,1.578372329475321,degC
a,Pseudo-observations,15,independent climate-model mean,50,Asia,Asia,MIROC6,1.4743164814860013,degC
a,Pseudo-observations,15,independent climate-model mean,50,Asia,Asia,MPI-ESM1-2-LR,1.7587789643704408,degC
a,Pseudo-observations,15,independent climate-model mean,50,Asia,Asia,MRI-ESM2-0,1.7338963173124593,degC
a,Pseudo-observations,15,independent climate-model mean,50,Asia,Asia,UKESM1-0-LL,1.8164004615313576,degC
a,Pseudo-observations,15,independent climate-model mean,51,AU,Australasia,ACCESS-CM2,1.2445059814791826,degC
a,Pseudo-observations,15,independent climate-model mean,51,AU,Australasia,ACCESS-ESM1-5,1.0404885941767275,degC
a,Pseudo-observations,15,independent climate-model mean,51,AU,Australasia,CESM2,1.0547214840850614,degC
a,Pseudo-observations,15,independent climate-model mean,51,AU,Australasia,CNRM-CM6-1,1.085637761554902,degC
a,Pseudo-observations,15,independent climate-model mean,51,AU,Australasia,CNRM-ESM2-1,0.9081080307345957,degC
a,Pseudo-observations,15,independent climate-model mean,51,AU,Australasia,CanESM5,1.671294143445697,degC
a,Pseudo-observations,15,independent climate-model mean,51,AU,Australasia,EC-Earth3-Veg,1.161962007456103,degC
a,Pseudo-observations,15,independent climate-model mean,51,AU,Australasia,FGOALS-g3,1.1195667288525912,degC
a,Pseudo-observations,15,independent climate-model mean,51,AU,Australasia,HadGEM3-GC31-LL,1.247943662195843,degC
a,Pseudo-observations,15,independent climate-model mean,51,AU,Australasia,IPSL-CM6A-LR,1.2656619824972168,degC
a,Pseudo-observations,15,independent climate-model mean,51,AU,Australasia,MIROC-ES2L,0.9723384237900333,degC
a,Pseudo-observations,15,independent climate-model mean,51,AU,Australasia,MIROC6,0.7692881972059425,degC
a,Pseudo-observations,15,independent climate-model mean,51,AU,Australasia,MPI-ESM1-2-LR,1.047732867494721,degC
a,Pseudo-observations,15,independent climate-model mean,51,AU,Australasia,MRI-ESM2-0,0.9678096398803393,degC
a,Pseudo-observations,15,independent climate-model mean,51,AU,Australasia,UKESM1-0-LL,1.1761981839942541,degC
a,Pseudo-observations,15,independent climate-model mean,52,ANT,Antarctica,ACCESS-CM2,1.3237098910581524,degC
a,Pseudo-observations,15,independent climate-model mean,52,ANT,Antarctica,ACCESS-ESM1-5,1.2034810465858023,degC
a,Pseudo-observations,15,independent climate-model mean,52,ANT,Antarctica,CESM2,1.984844857662961,degC
a,Pseudo-observations,15,independent climate-model mean,52,ANT,Antarctica,CNRM-CM6-1,2.148356507568592,degC
a,Pseudo-observations,15,independent climate-model mean,52,ANT,Antarctica,CNRM-ESM2-1,1.5125659315133386,degC
a,Pseudo-observations,15,independent climate-model mean,52,ANT,Antarctica,CanESM5,2.132534429995873,degC
a,Pseudo-observations,15,independent climate-model mean,52,ANT,Antarctica,EC-Earth3-Veg,1.561301041045219,degC
a,Pseudo-observations,15,independent climate-model mean,52,ANT,Antarctica,FGOALS-g3,1.238304530961562,degC
a,Pseudo-observations,15,independent climate-model mean,52,ANT,Antarctica,HadGEM3-GC31-LL,2.062868141577075,degC
a,Pseudo-observations,15,independent climate-model mean,52,ANT,Antarctica,IPSL-CM6A-LR,1.541409179875073,degC
a,Pseudo-observations,15,independent climate-model mean,52,ANT,Antarctica,MIROC-ES2L,0.7769515746312825,degC
a,Pseudo-observations,15,independent climate-model mean,52,ANT,Antarctica,MIROC6,0.7530210047982792,degC
a,Pseudo-observations,15,independent climate-model mean,52,ANT,Antarctica,MPI-ESM1-2-LR,1.0107689594945228,degC
a,Pseudo-observations,15,independent climate-model mean,52,ANT,Antarctica,MRI-ESM2-0,1.425954555698042,degC
a,Pseudo-observations,15,independent climate-model mean,52,ANT,Antarctica,UKESM1-0-LL,1.5850092864024024,degC
a,Pseudo-observations,15,independent climate-model mean,53,LSAT,Global Land,ACCESS-CM2,1.591970943939818,degC
a,Pseudo-observations,15,independent climate-model mean,53,LSAT,Global Land,ACCESS-ESM1-5,1.505471207066374,degC
a,Pseudo-observations,15,independent climate-model mean,53,LSAT,Global Land,CESM2,1.4851664083067018,degC
a,Pseudo-observations,15,independent climate-model mean,53,LSAT,Global Land,CNRM-CM6-1,1.5745125128857584,degC
a,Pseudo-observations,15,independent climate-model mean,53,LSAT,Global Land,CNRM-ESM2-1,1.289180480448813,degC
a,Pseudo-observations,15,independent climate-model mean,53,LSAT,Global Land,CanESM5,2.448045315406438,degC
a,Pseudo-observations,15,independent climate-model mean,53,LSAT,Global Land,EC-Earth3-Veg,2.04926360378296,degC
a,Pseudo-observations,15,independent climate-model mean,53,LSAT,Global Land,FGOALS-g3,1.6482901289534357,degC
a,Pseudo-observations,15,independent climate-model mean,53,LSAT,Global Land,HadGEM3-GC31-LL,1.8421337666812,degC
a,Pseudo-observations,15,independent climate-model mean,53,LSAT,Global Land,IPSL-CM6A-LR,1.9355066242210475,degC
a,Pseudo-observations,15,independent climate-model mean,53,LSAT,Global Land,MIROC-ES2L,1.347493200132906,degC
a,Pseudo-observations,15,independent climate-model mean,53,LSAT,Global Land,MIROC6,1.1835831718837295,degC
a,Pseudo-observations,15,independent climate-model mean,53,LSAT,Global Land,MPI-ESM1-2-LR,1.4158853938113278,degC
a,Pseudo-observations,15,independent climate-model mean,53,LSAT,Global Land,MRI-ESM2-0,1.4578603340722271,degC
a,Pseudo-observations,15,independent climate-model mean,53,LSAT,Global Land,UKESM1-0-LL,1.5919134328299336,degC
